B_x_m,B_y_m,C_x_m,C_y_m,E_x_m,E_y_m,F_x_m,F_y_m,H_x_m,H_y_m,A_force_x_N,A_force_y_N,B_force_x_N,B_force_y_N,C_force_x_N,C_force_y_N,D_force_x_N,D_force_y_N,E_force_x_N,E_force_y_N,F_force_x_N,F_force_y_N,G_force_x_N,G_force_y_N,InputTorque_N_m
1.67,0.99,0.255,1.035,0.195,2.54,-0.98,2.57,-1.71459142765926,4.26027347917712,190.925219276315,-6.07182676143757,-190.925219276315,6.07182676143757,-190.925219276315,6.07182676143757,-115.634447175452,4.14950917588363,-75.2907721008634,1.92231758555395,-75.2907721008634,1.92231758555395,-75.2907721008634,101.922317585554,-98.0566289601273
1.6611454124414,0.994635235792044,0.245996593952901,1.03468297643509,0.172170522655605,2.53906813695643,-1.00302851208895,2.55985824843946,-1.75404377234265,4.24289867542452,195.443624349325,-5.53092047706998,-195.443624349325,5.53092047706998,-195.443624349325,5.53092047706998,-118.388221053514,4.16775527906783,-77.0554032958112,1.36316519800216,-77.0554032958112,1.36316519800216,-77.0554032958112,101.363165198002,-101.049332088485
1.65221127746039,0.999115231754319,0.236932707254813,1.03428011077942,0.149188876287418,2.5379177067869,-1.02613785588452,2.54940999298383,-1.79363459754703,4.22499877055947,199.994722786532,-4.96919149381668,-199.994722786532,4.96919149381668,-199.994722786532,4.96919149381668,-121.169446160891,4.19844186842558,-78.8252766256407,0.770749625391104,-78.8252766256408,0.770749625391104,-78.8252766256407,100.770749625391,-104.073619389639
1.64320031648105,1.00343862323665,0.227810331309224,1.03378973318841,0.126060135102326,2.53654450279384,-1.04932089166943,2.53865208552686,-1.83335167154039,4.20656837126033,204.578165572648,-4.38690005021485,-204.578165572648,4.38690005021485,-204.578165572648,4.38690005021485,-123.978727186367,4.24237671627874,-80.5994383862806,0.144523333936105,-80.5994383862806,0.144523333936105,-80.5994383862806,100.144523333936,-107.128117984347
1.63411527432937,1.00760409329213,0.218631496036277,1.03321021344168,0.10278947042855,2.53494441931937,-1.072570384133,2.52758152009065,-1.87318259882063,4.18760232769908,209.193624746731,-3.7843154205873,-209.193624746731,3.7843154205873,-209.193624746731,3.7843154205873,-126.816716852629,4.30035556713831,-82.376907894102,-0.516040146551011,-82.376907894102,-0.516040146551011,-82.376907894102,99.483959853449,-110.211410626098
1.6249589183972,1.0116103730782,0.209398268941612,1.03253996248797,0.079382148332142,2.53311345565039,-1.0958790059036,2.51619543731296,-1.91311482616719,4.16809574122906,213.840793889457,-3.16171547781178,-213.840793889457,3.16171547781178,-213.840793889457,3.16171547781178,-129.68411604032,4.37316045234974,-84.1566778491374,-1.21144497453796,-84.1566778491374,-1.21144497453796,-84.1566778491374,98.788555025462,-113.322036343634
1.61573403779927,1.01545624224324,0.200112754157012,1.03177743395985,0.05584352716243,2.53104771984642,-1.1192393411816,2.50449112886842,-1.95313564886505,4.14804397195923,218.519388579142,-2.51938627654685,-218.519388579142,2.51938627654685,-218.519388579142,2.51938627654685,-132.581673827843,4.46155801754985,-85.9377147512992,-1.94217174100301,-85.9377147512992,-1.94217174100301,-85.9377147512992,98.057828258997,-116.458491097199
1.60644344252356,1.01914052929826,0.190777091454418,1.03092112565781,0.0321790550303137,2.52874343248944,-1.14264388947085,2.49246604182218,-1.99323221709752,4.12744264621297,223.229146818725,-1.8576216580786,-223.229146818725,1.8576216580786,-223.229146818725,1.8576216580786,-135.510187447687,4.56629786577718,-87.7189593710386,-2.70867620769857,-87.7189593710386,-2.70867620769857,-87.7189593710386,97.2913237923014,-119.619228446552
1.59708996257539,1.02266211197371,0.181393455234788,1.02996958100333,0.00839426722325776,2.52619693035481,-1.16608506940691,2.48011778291509,-2.0333915425047,4.10628766386931,227.969829436062,-1.17672287785862,-227.969829436062,1.17672287785862,-227.969829436062,1.17672287785862,-138.470502160191,4.68811091907693,-89.4993272758708,-3.51138804121832,-89.4993272758708,-3.51138804121832,-89.4993272758708,96.4886119587817,-122.802660228838
1.58767644711537,1.02601991756141,0.171964053493342,1.02892139046093,-0.0155052164392219,2.52340467000304,-1.18955522268019,2.46744412277927,-2.07360050490459,4.08457520558511,232.741220459979,-0.476998256713703,-232.741220459979,0.476998256713703,-232.741220459979,0.476998256713703,-141.463511045808,4.82770780144899,-91.2777094141715,-4.35070954473529,-91.2777094141714,-4.35070954473529,-91.2777094141715,95.6492904552647,-126.007157244499
1.5782057635915,1.02921292324124,0.162491126762609,1.02777519292903,-0.0395136943058792,2.52036323129229,-1.21304661805254,2.45444300008362,-2.11384585917431,4.06230173989706,237.543127474708,0.241237143378327,-237.543127474708,-0.241237143378327,-237.543127474708,-0.241237143378327,-144.490154717078,4.98577724600331,-93.0529727576297,-5.22701438938163,-93.0529727576297,-5.22701438938163,-93.0529727576297,94.7729856106184,-129.231049949534
1.56868079686571,1.03224015639274,0.152976947034738,1.02652967709985,-0.0636253856462305,2.51706932081187,-1.23655145546581,2.44111252560838,-2.15411424228885,4.03946403020227,242.375381955368,0.977661818132327,-242.375381955368,-0.977661818132327,-242.375381955368,-0.977661818132327,-147.551420951661,5.1629845292113,-94.8239610037072,-6.14064634734363,-94.8239610037072,-6.14064634734363,-94.8239610037072,93.8593536526564,-132.472629152457
1.55910444833516,1.03510069489137,0.143423816664464,1.0251835827884,-0.0878344334516778,2.51351977523728,-1.26006187024116,2.42745098624868,-2.19439218051534,4.01605914161707,247.237839587322,1.73194809368016,-247.237839587322,-1.73194809368016,-247.237839587322,-1.73194809368016,-150.6483442479,5.359969935173,-96.5894953394218,-7.09191802885316,-96.5894953394218,-7.09191802885316,-96.5894953394218,92.9080819711468,-135.730146714436
1.54947963504836,1.03779366738939,0.133834067254075,1.02373570223103,-0.112134907281825,2.50971156460759,-1.283569937368,2.41345684894653,-2.23466609676085,3.99208444771331,252.130380572267,2.50376237250536,-252.130380572267,-2.50376237250536,-252.130380572267,-2.50376237250536,-153.782005304538,5.5773472528628,-98.3483752677291,-8.08110962536816,-98.3483752677291,-8.08110962536816,-98.3483752677291,91.9188903746318,-139.001816251135
1.53980928881669,1.04031825358129,0.124210058521735,1.02218488135383,-0.136520806152596,2.50564179552632,-1.30706767588167,2.39912876455135,-2.27492231807209,3.96753763713223,257.052909924051,3.29276535198016,-257.052909924051,-3.29276535198016,-257.052909924051,-3.29276535198016,-156.953530426328,5.81570230936546,-100.099379497723,-9.10846766134562,-100.099379497723,-9.10846766134562,-100.099379497723,90.8915323386544,-142.285813834912
1.53009635532128,1.04267368445366,0.114554177154422,1.02053002101151,-0.160986061462944,2.50130771428714,-1.33054705332886,2.38446557160899,-2.31514708328577,3.94241672007574,262.005357757237,4.09861221495273,-262.005357757237,-4.09861221495273,-262.005357757237,-4.09861221495273,-160.164090857414,6.07559154217512,-101.841266899824,-10.1742037571279,-101.841266899824,-10.1742037571279,-101.841266899824,89.8257962428721,-145.580278696037
1.52034379321576,1.04485924251944,0.104868835646755,1.01877007819746,-0.185524539956941,2.49670670992613,-1.35399999032038,2.36946630007944,-2.35532655082818,3.91672003467555,266.98767957154,4.92095279187998,-266.98767957154,-4.92095279187998,-266.98767957154,-4.92095279187998,-163.41490204449,6.35754061369682,-103.57277752705,-11.2784934055768,-103.57277752705,-11.2784934055768,-103.57277752705,88.7215065944232,-148.883313921735
1.51055457322504,1.04687426203647,0.0951564711269056,1.01690406722553,-0.210130046718229,2.49183631720245,-1.3774183651705,2.35413017498339,-2.39544680666336,3.8904462532406,271.999856535288,5.75943169404261,-271.999856535288,-5.75943169404261,-271.999856535288,-5.75943169404261,-166.707222831886,6.6620430711683,-105.292633703402,-12.4214747652109,-105.292633703402,-12.4214747652109,-105.292633703402,87.5785252347891,-152.192987151838
1.50073167724034,1.04871812921029,0.0854195441707667,1.01493106088458,-0.234796328193848,2.48669421950956,-1.40079401862261,2.33845661997827,-2.4354938723891,3.86359438838333,277.041895771158,6.61368841741123,-277.041895771158,-6.61368841741123,-277.041895771158,-6.61368841741123,-170.042354590857,6.98955905530448,-106.999541180301,-13.6032474727157,-106.999541180301,-13.6032474727157,-106.999541180301,86.3967525272843,-155.507331269958
1.49087809741095,1.05039028238109,0.0756605376055167,1.01285019156671,-0.259517075244602,2.48127825171951,-1.42411875866083,2.32244526086405,-2.4754537134802,3.83616379902593,282.113830647426,7.48335741675746,-282.113830647426,-7.48335741675746,-282.113830647426,-7.48335741675746,-173.421640285506,7.34051406106216,-108.692190361919,-14.8238714778196,-108.692190361919,-14.8238714778196,-108.692190361919,85.1761285221804,-158.824345089077
1.48099683523273,1.05189021219481,0.0658819553036644,1.0106606523701,-0.284285926219202,2.47558640296287,-1.4473843654076,2.30609592901959,-2.51531224767887,3.8081541962874,287.215721078091,8.3680681496189,-287.215721078091,-8.3680681496189,-287.215721078091,-8.3680681496189,-176.846463477916,7.71529775402339,-110.369257600175,-16.0833659036423,-110.369257600175,-16.0833659036423,-110.369257600175,83.9166340963577,-162.141994030515
1.47109090063387,1.05321746175832,0.0560863209686278,1.00836169817773,-0.309096470049528,2.46961681934726,-1.47058259610697,2.28940866477015,-2.55505535353224,3.7795656492528,292.34765383521,9.26744508973574,-292.34765383521,-9.26744508973574,-292.34765383521,-9.26744508973574,-180.318247275211,8.11426284600564,-112.02940656,-17.3817079357414,-112.02940656,-17.3817079357414,-112.02940656,82.6182920642586,-165.458210795238
1.461163311058,1.05437162677852,0.0462761769128649,1.00595264671311,-0.333942249364475,2.46336780661751,-1.49370519019389,2.27238372068699,-2.59466887907692,3.75039859062608,297.50974287686,10.1811077095741,-297.50974287686,-10.1811077095741,-297.50974287686,-10.1811077095741,-183.838453221457,8.53772403362249,-113.671289655404,-18.7188317431966,-113.671289655403,-18.7188317431966,-113.671289655403,81.2811682568034,-168.770896026503
1.45121709054508,1.05535235568559,0.036454082829527,1.00343287957445,-0.358816763619895,2.45683783276099,-1.51674387444956,2.25502156481989,-2.6341386506712,3.72065382226805,302.702129694171,11.1086704315396,-302.702129694171,-11.1086704315396,-302.702129694171,-11.1086704315396,-187.408580137446,8.98595700364371,-115.293549556725,-20.0946274351833,-115.293549556725,-20.0946274351833,-115.293549556725,79.9053725648167,-172.077918962787
1.44125526881022,1.05615934973998,0.0266226145585769,1.0008018432486,-0.383713472242311,2.45002553056155,-1.53969036824316,2.23732288386376,-2.67345048197511,3.69033252062138,307.92498368091,12.0497425474677,-307.92498368091,-12.0497425474677,-307.92498368091,-12.0497425474677,-191.030162911623,9.45919750912792,-116.894820769287,-21.5089400565956,-116.894820769287,-21.5089400565956,-116.894820769287,78.4910599434044,-175.377118079993
1.43128088032084,1.0567923631235,0.0167843628482762,0.998059050106246,-0.408625797784098,2.44292970010601,-1.56253638886032,2.21928858626035,-2.71259018307916,3.65943624202446,313.178502529133,13.0039281059413,-313.178502529133,-13.0039281059413,-313.178502529133,-13.0039281059413,-194.704771245577,9.95764052044082,-118.473731283556,-22.9615686263821,-118.473731283556,-22.9615686263821,-118.473731283556,77.0384313736179,-178.666301721828
1.42129696337229,1.05725120301413,0.00694193211290531,0.995204079380055,-0.43354712908798,2.43554931124718,-1.58527365691877,2.20091980523646,-2.75154356978239,3.6279669279164,318.462912654453,13.9708257669534,-318.462912654453,-13.9708257669534,-318.462912654453,-13.9708257669534,-198.43400835774,10.481439455406,-120.028904296713,-24.4522652223594,-120.028904296713,-24.4522652223594,-120.028904296713,75.5477347776406,-181.943248717255
1.41130655916239,1.0575357296448,-0.00290206081243959,0.992236578127396,-0.458470824458719,2.42788350602778,-1.6078939018717,2.18221790177988,-2.79029647302073,3.59592690993544,323.778469654515,14.950028623373,-323.778469654515,-14.950028623373,-323.778469654515,-14.950028623373,-202.21950964913,11.0307054929814,-121.558960005385,-25.9807341163544,-121.558960005385,-25.9807341163544,-121.558960005385,74.0192658836456,-185.205708983816
1.40131271086504,1.05764585634595,-0.0127449879191772,0.989156262179411,-0.483390214840012,2.41993160106971,-1.63038886759939,2.1631844675547,-2.82883474844653,3.56331891491343,329.125458804305,15.9411239886203,-329.125458804305,-15.9411239886203,-329.125458804305,-15.9411239886203,-206.062941335204,11.6055069749994,-123.062517469101,-27.5466309636198,-123.062517469101,-27.5466309636198,-123.062517469101,72.4533690363802,-188.451404115584
1.39131846270324,1.05758154957191,-0.0225842112739189,0.985962917078334,-0.508298606994626,2.41169308993352,-1.65275031808982,2.14382132775752,-2.86714428616056,3.53014606976908,334.504195591939,16.9436931498752,-334.504195591939,-16.9436931498752,-334.504195591939,-16.9436931498752,-209.965999048124,12.2058689006616,-124.538196543815,-29.1495620505367,-124.538196543815,-29.1495620505367,-124.538196543815,70.8504379494633,-191.678027954362
1.3813268590218,1.05734282891114,-0.0324170842677486,0.98265639900502,-0.533189286685936,2.40316764545302,-1.67497004320885,2.12413054391641,-2.90521102059744,3.49641190630314,339.915026298643,17.9573110860653,-339.915026298643,-17.9573110860653,-339.915026298643,-17.9573110860653,-213.930406413969,12.8317725186253,-125.984619884674,-30.7890836046906,-125.984619884674,-30.7890836046906,-125.984619884674,69.2109163953094,-194.88324714267
1.37134094335999,1.05692976708028,-0.0422409528653844,0.979236635698756,-0.55805552185904,2.3943551220503,-1.69703986456079,2.10411441663452,-2.94302094056599,3.46212036589871,345.358328626648,18.981546149779,-345.358328626648,-18.981546149779,-345.358328626648,-18.981546149779,-217.957913609693,13.4831550216815,-127.400415016955,-32.4647011714605,-127.400415016954,-32.4647011714605,-127.400415016954,67.5352988285395,-198.064701656895
1.36136375752447,1.05634248990196,-0.0520531568535228,0.97570362737152,-0.582890565819734,2.38525555803674,-1.71895164144012,2.08377548828046,-2.98056009944564,3.42727580413042,350.834512378775,20.0159597121394,-350.834512378775,-20.0159597121394,-350.834512378775,-20.0159597121394,-222.050295904887,14.1599093491717,-128.784216473888,-34.1758690613112,-128.784216473888,-34.1758690613112,-128.784216473888,65.8241309386888,-201.220005318848
1.35139834066268,1.0555811762665,-0.0618510310876934,0.972057447618961,-0.607687660409649,2.37586917790563,-1.74069727687514,2.06311654562777,-3.01781462554043,3.39188299528631,356.34402019353,21.0601057695524,-356.34402019353,-21.0601057695524,-356.34402019353,-21.0601057695524,-226.209352193676,14.8618841024539,-130.134667999854,-35.9219898720063,-130.134667999854,-35.9219898720063,-130.134667999854,64.0780101279937,-204.346746283776
1.34144772833713,1.0546460580774,-0.0716319067369583,0.968298244330493,-0.632440039175924,2.36619639462268,-1.76226872376439,2.0421406224459,-3.05477073259187,3.35594713680672,361.88732833955,22.1135305111024,-361.88732833955,-22.1135305111024,-361.88732833955,-22.1135305111024,-230.436903522372,15.5888835788817,-131.450424817178,-37.702414089984,-131.450424817178,-37.702414089984,-131.450424817178,62.297585910016,-207.442487502697
1.33151495160075,1.05353742018072,-0.0813931125258261,0.964426240600983,-0.657140930533827,2.35623781192054,-1.78365799110676,2.02085100204556,-3.09141473045231,3.31947385364501,367.464947573315,23.1757718452176,-367.464947573315,-23.1757718452176,-367.464947573315,-23.1757718452176,-234.734791618791,16.3406679299214,-132.730155954524,-39.516439775139,-132.730155954524,-39.516439775139,-132.730155954524,60.483560224861,-210.504767156687
1.32160303607354,1.05225560027832,-0.0911319759727422,0.960441735646662,-0.681783560920756,2.34599422660411,-1.80485715032597,1.99925121978134,-3.12773303592007,3.28246920255496,373.077424064044,24.2463588840538,-373.077424064044,-24.2463588840538,-373.077424064044,-24.2463588840538,-239.104877429441,17.1169534491914,-133.972546634603,-41.3633123332452,-133.972546634603,-41.3633123332452,-133.972546634603,58.6366876667548,-213.531099060518
1.31171500102098,1.05080098882494,-0.100845824624544,0.956345105727992,-0.706361157940107,2.33546663087353,-1.82585834169051,1.97734506551489,-3.16371218373804,3.24493967631073,378.725340389782,25.3248113838634,-378.725340389782,-25.3248113838634,-378.725340389782,-25.3248113838634,-243.549039671099,17.9174129963609,-135.176300718682,-43.2422243802243,-135.176300718682,-43.2422243802243,-135.176300718682,56.7577756197757,-216.518973032767
1.30185385843436,1.04917402890932,-0.110531987286264,0.952136805082357,-0.730866953493485,2.32465621467214,-1.84665378082979,1.95513658604225,-3.19933883775706,3.20689220786533,384.409316608681,26.4106391394027,-384.409316608681,-26.4106391394027,-384.409316608681,-26.4106391394027,-248.069173403592,18.7416765630171,-136.340143205089,-45.1523157024198,-136.340143205089,-45.1523157024198,-136.340143205089,54.8476842975802,-219.465855229214
1.29202261211321,1.04737521611923,-0.120187795245684,0.947817366869586,-0.755294186899769,2.31356436806715,-1.86723576534738,1.9326300874892,-3.23459980226575,3.16833417445433,390.130011409561,27.5033413302148,-390.130011409561,-27.5033413302148,-390.130011409561,-27.5033413302148,-252.667188630928,19.5893319867575,-137.462822778633,-47.0926733169722,-137.462822778633,-47.0926733169722,-137.462822778633,52.9073266830278,-222.369188436043
1.28222425675042,1.04540509839045,-0.129810583492017,0.943387404133474,-0.779636107999543,2.3021926836708,-1.88759668153221,1.909830137679,-3.26948203348811,3.12927340165224,395.888123345843,28.6024058163677,-395.888123345843,-28.6024058163677,-395.888123345843,-28.6024058163677,-257.345008938215,20.459925819938,-138.543114407628,-49.0623316363057,-138.543114407628,-49.0623316363057,-138.543114407628,50.9376683636943,-225.226392318986
1.27246177701994,1.04326427583994,-0.139397691928119,0.938847610782586,-0.803885980243355,2.29054295911071,-1.90772901116866,1.8867415684771,-3.30397265125053,3.08971816738953,401.684392157013,29.7073083809642,-401.684392157013,-29.7073083809642,-401.684392157013,-29.7073083809642,-262.104570172128,21.3529643596647,-139.579821984885,-51.0602727406289,-139.579821984885,-51.0602727406289,-139.579821984885,48.9397272593711,-228.034863624169
1.26273814666767,1.04095340058298,-0.1489464665756,0.934198762593847,-0.828037083762322,2.27861719955793,-1.92762533844634,1.86336947811813,-3.33805895081957,3.04967720593913,407.519600181785,30.8175119164411,-407.519600181785,-30.8175119164411,-407.519600181785,-30.8175119164411,-266.947819172991,22.2679148457885,-140.571781008794,-53.0854267622296,-140.571781008794,-53.0854267622296,-140.571781008794,46.9145732377704,-230.79197632602
1.25305632760561,1.03847317653456,-0.158454260772212,0.929441718242543,-0.852082718419499,2.26641762032225,-1.9472783569704,1.83971923352067,-3.37172841491198,3.00915971188211,413.394573867178,31.932465551352,-413.394573867178,-31.932465551352,-413.394573867178,-31.932465551352,-271.876712566829,23.204206833837,-141.517861300349,-55.1366723851891,-141.517861300349,-55.1366723851891,-141.517861300349,44.8633276148109,-233.495081717139
1.24341926900964,1.03582435919495,-0.167918436360844,0.924577420362585,-0.876016206840411,2.25394664952425,-1.96668087687323,1.81579647259605,-3.40496872587849,2.96817534406316,419.31018537773,33.0516037139799,-419.31018537773,-33.0516037139799,-419.31018537773,-33.0516037139799,-276.893215626036,24.1612337499902,-142.416969751693,-57.2128374639701,-142.416969751693,-57.2128374639701,-142.416969751693,42.7871625360299,-236.141508434541
1.23382990642116,1.03300775541957,-0.177336364869467,0.919606896641061,-0.899830897421109,2.24120693085451,-1.98582583202835,1.79160710655804,-3.43776777806262,2.92673422954745,425.267354309092,34.1743451287358,-425.267354309092,-34.1743451287358,-425.267354309092,-34.1743451287358,-281.999301207587,25.1383546354012,-143.268053101505,-59.3126997641371,-143.268053101505,-59.3126997641371,-143.268053101505,40.687300235863,-238.728562416184
1.22429116085291,1.03002422317323,-0.186705428681313,0.914531260951327,-0.923520167312002,2.2282013264307,-2.00470628736742,1.76715732224075,-3.47011369033605,2.88484696759171,431.267049510244,35.3000917408878,-431.267049510244,-35.3000917408878,-431.267049510244,-35.3000917408878,-287.19694877795,26.1348960873529,-144.070100732294,-61.4349878282407,-144.070100732294,-61.4349878282407,-144.070100732294,38.5650121717592,-241.253526781109
1.21480593789919,1.02687467126874,-0.196023022194544,0.909351714529109,-0.947077425375658,2.21493291976387,-2.02331544630095,1.74245358443289,-3.50199481881183,2.84252463364328,437.310291018565,36.428227564704,-437.310291018565,-36.428227564704,-437.310291018565,-36.428227564704,-292.488143534112,27.1501544049563,-144.822147484453,-63.5783819696604,-144.822147484453,-63.5783819696604,-144.822147484453,36.4216180303396,-243.713661625961
1.20537712685081,1.02356005909012,-0.20528655297063,0.904069547196328,-0.97049611511664,2.20140501884594,-2.04164665824374,1.7175026382375,-3.53339976973693,2.79977878338272,443.398152111943,37.5581174495992,-443.398152111943,-37.5581174495992,-443.398152111943,-37.5581174495992,-297.874875630303,28.1833979473165,-145.52327648164,-65.7415153969158,-145.52327648164,-65.7415153969158,-145.52327648164,34.2584846030842,-246.106203729974
1.19600759981494,1.02008139630035,-0.214493442870605,0.898686138637628,-0.993769717581336,2.18762115937101,-2.0596934262457,1.69231151146658,-3.56431741256529,2.75662145682637,449.531761482094,38.6891057583319,-449.531761482094,-38.6891057583319,-449.531761482094,-38.6891057583319,-303.35913952019,29.2338697123406,-146.172621961904,-67.9229754706725,-146.172621961904,-67.9229754706725,-146.172621961904,32.0770245293275,-248.428366159853
1.18670021084028,1.01643974253383,-0.223641129178281,0.893202959734839,-1.01689175422556,2.17358510810387,-2.07744941472886,1.6668875170816,-3.59473689321286,2.71306518250735,455.71230553314,39.82051495071,-455.71230553314,-39.82051495071,-455.71230553314,-39.82051495071,-308.942933424412,30.3007901446219,-146.769372108728,-70.1213050953319,-146.769372108728,-70.1213050953319,-146.769372108728,29.8786949046681,-250.677337765246
1.17745779504769,1.01263620707355,-0.232727065709484,0.887621573964936,-1.03985578974758,2.15930086640963,-2.0949084573314,1.64123825569134,-3.62464764749596,2.66912298175487,461.941030809427,40.9516440656214,-461.941030809427,-40.9516440656214,-461.941030809427,-40.9516440656214,-314.628258933427,31.3833601811359,-147.312771876,-72.3350042467573,-147.312771876,-72.3350042467573,-147.312771876,27.6649957532427,-252.850282554718
1.16828316776653,1.00867194851327,-0.241748723906235,0.881943638867337,-1.06265543488395,2.14477267395948,-2.11206456485943,1.61537161811985,-3.65403941475416,2.62480837309369,468.219246556399,42.0817670935036,-468.219246556399,-42.0817670935036,-468.219246556399,-42.0817670935036,-320.417120755626,32.4807645437987,-147.802125800773,-74.5625316373024,-147.802125800773,-74.5625316373024,-147.802125800773,25.4374683626976,-254.944338941299
1.15917912367717,1.00454817440455,-0.250703593914753,0.876170907586732,-1.08528434916543,2.13000501262823,-2.12891193334724,1.58929578805847,-3.68290225165922,2.58013537678746,474.548327418169,43.2101312306079,-474.548327418169,-43.2101312306079,-474.548327418169,-43.2101312306079,-326.311526620648,33.5921752883108,-148.236800797521,-76.8023065189187,-148.236800797521,-76.8023065189187,-148.236800797521,23.1976934810813,-256.956618845824
1.15014843595962,1.00026614088893,-0.259589185646032,0.870305230497997,-1.1077362436298,2.11500261060028,-2.14544495222697,1.56301924481686,-3.71122654621116,2.53511851955187,480.929716275187,44.3359550055781,-480.929716275187,-44.3359550055781,-480.929716275187,-44.3359550055781,-332.31348734768,34.7167556191034,-148.616228927507,-79.0527106246815,-148.616228927507,-79.0527106246815,-148.616228927507,20.9472893753185,-258.884206645294
1.14119385544884,0.995827152315306,-0.268403029817619,0.864348556920119,-1.13000488348831,2.09977044670159,-2.16165821260823,1.53655076618981,-3.73900303192299,2.48977283946597,487.36492722512,45.4584262679635,-487.36492722512,-45.4584262679635,-487.36492722512,-45.4584262679635,-338.425017088326,35.8536639806668,-148.939910136794,-81.3120902486303,-148.939910136794,-81.3120902486303,-148.939910136794,18.6879097513697,-260.724157952539
1.13231810979681,0.991232560842588,-0.277142678975099,0.858302936926474,-1.15208409074206,2.08431375497632,-2.17754651566865,1.50989943145742,-3.76622280219528,2.44411389111213,493.855548709686,46.5767000272959,-493.855548709686,-46.5767000272959,-493.855548709686,-46.5767000272959,-344.648133753303,37.0020584360475,-149.207414956382,-83.5787584633434,-149.207414956382,-83.5787584633434,-149.207414956382,16.4212415366566,-262.47349821236
1.12352390264162,0.986483766027853,-0.285805708491624,0.852170523259218,-1.17396774674406,2.06863802952779,-2.19310488115594,1.48307462453842,-3.79287732488195,2.39815775097826,500.403246789731,47.6898961302872,-500.403246789731,-47.6898961302872,-500.403246789731,-47.6898961302872,-350.984859631801,38.161101343874,-149.41838715793,-85.8509974741612,-149.41838715793,-85.8509974741612,-149.41838715793,14.1490025258388,-264.129221098208
1.11481391278397,0.981582214400003,-0.294389717543658,0.845953573356035,-1.19564979470275,2.05274902964479,-2.20832855600233,1.45608603731768,-3.81895845704836,2.35192102315851,507.009768570332,48.7970967625339,-507.009768570332,-48.7970967625339,-507.009768570332,-48.7970967625339,-357.437222211769,39.3299643459242,-149.572546358563,-88.1270611084581,-149.572546358563,-88.1270611084581,-149.572546358563,11.8729388915419,-265.688286692298
1.10619079337115,0.976529399019148,-0.302892330060919,0.839654451497947,-1.21712424212157,2.03665278523527,-2.22321302305197,1.42894367317096,-3.84445845992319,2.3054208453918,513.676945776991,49.8973437598383,-513.676945776991,-49.8973437598383,-513.676945776991,-49.8973437598383,-364.007255208691,40.5078336779707,-149.6696905683,-90.405177437809,-149.6696905683,-90.405177437809,-149.6696905683,9.59482256219104,-267.147619430721
1.09765717108886,0.971326859021798,-0.311311195648244,0.833275631087446,-1.23838516316942,2.02035560259086,-2.23775400990204,1.40165785071172,-3.86937001404489,2.25867489548092,520.406698483273,50.9896357128672,-520.406698483273,-50.9896357128672,-520.406698483273,-50.9896357128672,-370.69699980952,41.6939158174677,-149.709698673754,-92.6835515303349,-149.709698673754,-92.6835515303349,-149.709698673754,7.31644846966509,-268.504105793851
1.08921564536112,0.965976179152037,-0.319643990476904,0.826819697066721,-1.2594267009754,2.00386407050729,-2.25194749785812,1.3742392077872,-3.893686234604,2.21170139813854,527.201038989251,52.0729248473568,-527.201038989251,-52.0729248473568,-527.201038989251,-52.0729248473568,-377.508506137368,42.8874434825628,-149.692532851883,-94.9603683299196,-149.692532851883,-94.9603683299196,-149.692532851883,5.03963167008038,-269.754591720879
1.08086878755843,0.960478989278785,-0.32788841814257,0.820289348486374,-1.28024306984128,1.98718506678678,-2.26578973100426,1.34669870575283,-3.91740068698199,2.16451913231011,534.062075849028,53.1461136604225,-534.062075849028,-53.1461136604225,-534.062075849028,-53.1461136604225,-384.443834941257,44.0876819979569,-149.618240907771,-97.2337956583794,-149.618240907771,-97.2337956583794,-149.618240907771,2.76620434162055,-270.895879725834
1.07261914021455,0.954836963899331,-0.336042210486829,0.813687401235603,-1.30082855736373,1.97032576515058,-2.27927722538819,1.31904763405669,-3.94050740248733,2.11714743902797,540.992018044299,54.2080512917456,-540.992018044299,-54.2080512917456,-540.992018044299,-54.2080512917456,-391.505059513673,45.2939360442955,-149.486958530626,-99.5019873360412,-149.486958530626,-99.5019873360412,-149.486958530626,0.498012663958846,-271.924725690891
1.06446921625197,0.949051821629259,-0.344103128378814,0.807016790945515,-1.32117752645787,1.95329364259107,-2.29240677832187,1.29129761516817,-3.96300089428904,2.06960622985509,547.993179299328,55.2575296064505,-547.993179299328,-55.2575296064505,-547.993179299328,-55.2575296064505,-398.694267836845,46.5055568090795,-149.298911462483,-101.76308641553,-149.298911462483,-101.76308641553,-149.298911462483,-1.76308641552997,-272.837835311095
1.05642149821648,0.943125324678949,-0.352068962453061,0.800280576077882,-1.34128441727247,1.93609648719483,-2.30517547779716,1.2634606098878,-3.98487617354772,2.02191599598184,555.067982530919,56.293278964374,-555.067982530919,-56.293278964374,-555.067982530919,-56.293278964374,-406.013564956499,47.721949558529,-149.05441757442,-104.015228522903,-149.05441757442,-104.015228522903,-149.05441757442,-4.01522852290302,-273.631860162928
1.04847843752095,0.937059278316781,-0.359937533799317,0.793481941212413,-1.36114374898605,1.91874240646989,-2.31758071201641,1.23554892307792,-4.00612876574326,1.97409781804377,562.218964424765,57.3139636481211,-562.218964424765,-57.3139636481211,-562.218964424765,-57.3139636481211,-413.465075579317,48.9425816514526,-148.753888845449,-106.256545299574,-148.753888845449,-106.256545299574,-148.753888845449,-6.25654529957362,-274.303393367322
1.04064245369862,0.930855530319242,-0.367706694599461,0.786624200546322,-1.38075012147191,1.90123983621206,-2.32962017903723,1.20757520985723,-4.02675472719813,1.92617337673402,569.448780127086,58.3181769197995,-569.448780127086,-58.3181769197995,-569.448780127086,-58.3181769197995,-421.050946887373,50.1669910179671,-148.397833239713,-108.485167937767,-148.397833239713,-108.485167937767,-148.397833239713,-8.48516793776659,-274.848964815876
1.03291593366607,0.924515970408068,-0.375374328706178,0.779710801620801,-1.40009821681867,1.88359754994765,-2.34129189652992,1.17955248230524,-4.04675066179392,1.87816496428949,576.760208037449,59.3044356736212,-576.760208037449,-59.3044356736212,-576.760208037449,-59.3044356736212,-428.773351559389,51.3947951278942,-147.98685647806,-110.699230801515,-147.98685647806,-110.699230801515,-147.98685647806,-10.6992308015154,-275.265035927051
1.02530123099614,0.918042529674621,-0.382938352157352,0.772745329289799,-1.41918280069118,1.86582466899155,-2.35259421164601,1.15149411672648,-4.06611373787795,1.8300954969357,584.156154685282,60.2711746486134,-584.156154685282,-60.2711746486134,-584.156154685282,-60.2711746486134,-436.634490984672,52.6257004758521,-147.521663700609,-112.896875124465,-147.521663700609,-112.896875124465,-147.521663700609,-12.8968751244655,-275.547993897166
1.01780066520105,0.911437179991658,-0.390396713619457,0.765731509947348,-1.43799872351505,1.8479306731621,-2.36352581099492,1.1234138615276,-4.08484170535533,1.78198852838187,591.639659668508,61.2167401625138,-591.639659668508,-61.2167401625138,-591.639659668508,-61.2167401625138,-444.636598650997,53.8595126124607,-147.003061017511,-115.076252774974,-147.003061017511,-115.076252774974,-147.003061017511,-15.0762527749744,-275.694145408936
1.01041652102578,0.90470193341268,-0.397747394752403,0.758673216030571,-1.45654092146591,1.82992541219615,-2.37408573072524,1.09532584576471,-4.10293291296007,1.73386826446426,599.213900628104,62.1393833244879,-599.213900628104,-62.1393833244879,-599.213900628104,-62.1393833244879,-452.781943682389,55.0961467537242,-146.431956945715,-117.235530078212,-146.431956945715,-117.235530078212,-146.431956945715,-17.235530078212,-275.699709758235
1.00315104775218,0.89783884155904,-0.404988410487392,0.751574470816353,-1.47480441724218,1.81181911791024,-2.38427336670555,1.06724458842244,-4.12038632569695,1.68575957904283,606.882198226892,63.037252680617,-606.882198226892,-63.037252680617,-606.882198226892,-63.037252680617,-461.072834496634,56.3356390035149,-145.809363730258,-119.372891684132,-145.809363730258,-119.372891684132,-145.809363730258,-19.372891684132,-275.560811357678
0.996006458513806,0.890849994995002,-0.412117809208362,0.744439453530572,-1.49278432059781,1.79362241715577,-2.39408848479868,1.03918500849009,-4.13720154244315,1.63768803126385,614.648021094595,63.9083862421266,-614.648021094595,-63.9083862421266,-614.648021094595,-63.9083862421266,-469.511622545307,57.5781582272189,-145.136398549288,-121.486544469346,-145.136398549288,-121.486544469346,-145.136398549288,-21.4865444693455,-275.273471573553
0.988984929621739,0.883737522590931,-0.419133672826395,0.7372725047897,-1.51047582860827,1.77534634561865,-2.40353123122082,1.01116243590545,-4.15337881369564,1.5896798843087,622.514990693816,64.7507028420648,-622.514990693816,-64.7507028420648,-622.514990693816,-64.7507028420648,-478.100706090993,58.8240186179643,-144.414284602823,-123.574721460029,-144.414284602823,-123.574721460029,-144.414284602823,-23.5747214600292,-274.833599850642
0.982088599901701,0.876503590874821,-0.426034116735275,0.730078132395419,-1.52787422564007,1.75700236251596,-2.41260214297552,0.983192623440992,-4.16891905944652,1.54176212575722,630.486886053166,65.561992761591,-630.486886053166,-65.561992761591,-630.486886053166,-65.561992761591,-486.84253396712,60.0736930004899,-143.644352086046,-125.635685762081,-143.644352086046,-125.635685762081,-143.644352086046,-25.635685762081,-274.23698407753
0.975319570042532,0.869150403372351,-0.432817289634894,0.722861017503803,-1.54497488299053,1.73860236624441,-2.42130215834926,0.955291759612318,-4.18382388716401,1.4939624897025,638.567648303886,66.3399075621799,-638.567648303886,-66.3399075621799,-638.567648303886,-66.3399075621799,-495.739609255105,61.3278269215774,-142.828039048781,-127.667734483757,-142.828039048781,-127.667734483757,-142.828039048781,-27.6677344837573,-273.479280143317
0.9686799019563,0.861680199935665,-0.439481373207641,0.715626021191393,-1.5617732581603,1.72015871103748,-2.42963262745255,0.927476482693958,-4.19809560985142,1.44630948076259,646.761384944994,67.0819490549135,-646.761384944994,-67.0819490549135,-646.761384944994,-67.0819490549135,-504.794492801342,62.5872535800799,-141.966892143652,-129.669202634993,-141.966892143652,-129.669202634993,-141.966892143652,-29.6692026349934,-272.556000635076
0.962171618150223,0.854095256061096,-0.446024581631108,0.708378191441269,-1.57826489371665,1.70168422469006,-2.43759532278651,0.899763895932518,-4.21173726414985,1.39883240014365,655.072373748888,67.7854573326164,-655.072373748888,-67.7854573326164,-655.072373748888,-67.7854573326164,-514.009806482531,63.8530096538962,-141.062567266357,-131.638466986513,-141.062567266357,-131.638466986513,-141.062567266357,-31.6384669865127,-271.462502624283
0.955796701110597,0.846397882196025,-0.452445160908449,0.701122770572832,-1.59444541570074,1.68319222741097,-2.44519244981064,0.872171584052735,-4.22475262844268,1.35156137391806,663.505066204194,68.4475977849213,-663.505066204194,-68.4475977849213,-663.505066204194,-68.4475977849213,-523.388236111852,65.1263520857363,-140.116830092342,-133.573949870658,-140.116830092342,-133.573949870658,-140.116830092342,-33.5739498706577,-270.193974489646
0.949557092698906,0.838590423035096,-0.458741387995504,0.693865203139537,-1.61031053152595,1.66469655186524,-2.45242665748167,0.844717631157319,-4.23714624091084,1.30452738369028,672.064090375295,69.0653470104675,-672.064090375295,-69.0653470104675,-672.064090375295,-69.0653470104675,-532.932533860182,66.4087758941366,-139.131556515113,-135.474122904604,-139.131556515113,-135.474122904604,-139.131556515113,-35.4741229046041,-268.745421723652
0.943454693560318,0.830675256806004,-0.464911569701262,0.686611144319184,-1.62585602730847,1.64621156446869,-2.45930104872762,0.817420640126705,-4.24892341747683,1.2577622998325,680.754253037936,69.6354775343855,-680.754253037936,-69.6354775343855,-680.754253037936,-69.6354775343855,-542.645520045644,67.7020330808672,-138.108732992292,-137.337510615253,-138.108732992292,-137.337510615253,-138.108732992292,-37.3375106152527,-267.111651670677
0.937491362544725,0.822654794545057,-0.470954041335496,0.679366468821422,-1.64107776456398,1.62775218799792,-2.46581919081322,0.790299753630229,-4.26009026956277,1.21129891748085,689.580540927318,70.1545412330923,-689.580540927318,-70.1545412330923,-689.580540927318,-70.1545412330923,-552.530084120918,69.0081527104972,-137.0504568064,-139.162693943589,-137.0504568064,-139.162693943589,-137.0504568064,-39.1626939435895,-265.2872571461
0.931668916140522,0.814531479362756,-0.476867165074231,0.672137280337004,-1.65597167619638,1.60933392557823,-2.47198512554437,0.763374676865161,-4.27065372157258,1.16517099549181,698.548120908735,70.6188513623018,-698.548120908735,-70.6188513623018,-698.548120908735,-70.6188513623018,-562.589184660573,70.3294622423591,-135.958936248162,-140.948313604661,-135.958936248162,-140.948313604661,-135.958936248162,-40.948313604661,-263.266598888547
0.925989127921288,0.806307785699599,-0.482649328010282,0.664929921552765,-1.6705337616959,1.59097288611079,-2.47780337924877,0.736665702144721,-4.28062152799076,1.11941329856632,707.6623388506,71.0244630782045,-707.6623388506,-71.0244630782045,-707.6623388506,-71.0244630782045,-572.825848119712,71.6686101992943,-134.836490730888,-142.693073277499,-134.836490730888,-142.693073277499,-134.836490730888,-42.6930732774988,-261.043786801707
0.920453728005536,0.797986218572339,-0.488298939852196,0.657750984755288,-1.68476008145383,1.57268581119776,-2.48327897245782,0.710193735460399,-4.29000228996944,1.07406164275619,716.928716945156,71.367152336151,-716.928716945156,-71.367152336151,-716.928716945156,-71.367152336151,-583.243166100036,73.0285902611565,-133.68555084512,-144.395742597308,-133.68555084512,-144.395742597307,-133.68555084512,-44.3957425973074,-258.612659948245
0.915064402529703,0.789569312810936,-0.493814430230664,0.650607323044711,-1.69864675009042,1.55449010362047,-2.4884174292008,0.683980325147228,-4.29880547125104,1.02915294457334,726.352949182779,71.6423930461396,-726.352949182779,-71.6423930461396,-726.352949182779,-71.6423930461396,-593.844290819516,74.412766873857,-132.508658363263,-146.055159919997,-132.508658363263,-146.055159919997,-132.508658363263,-46.0551599199966,-255.966765266827
0.909822793134535,0.781059632286422,-0.499194245566696,0.643506062177851,-1.71218992868026,1.53640385741976,-2.49322478580562,0.658047692783133,-4.30704141324577,0.984725273926424,735.94089464083,71.8453323602477,-735.94089464083,-71.8453323602477,-735.94089464083,-71.8453323602477,-604.632428436576,75.8249024663841,-131.308466204255,-147.670234826632,-131.308466204255,-147.670234826632,-131.308466204255,-47.6702348266318,-253.099334994572
0.904730496465032,0.772459769129919,-0.504436845450585,0.636454613056796,-1.72538581574613,1.51844588962038,-2.49770759908157,0.632418766454517,-4.31472134905017,0.940817911111292,745.698568197,71.970763964249,-745.698568197,-71.970763964249,-745.698568197,-71.970763964249,-615.610829828549,77.2691863683326,-130.087738368451,-149.239950332582,-130.087738368451,-149.239950332582,-130.087738368451,-49.2399503325816,-250.003262792027
0.899789063684089,0.763772342943054,-0.509540698474865,0.629460684875016,-1.73823063687742,1.50063577363061,-2.50187295373678,0.607117216519644,-4.32185741615479,0.897471408080642,755.632128219187,72.0130992445131,-755.632128219187,-72.0130992445131,-755.632128219187,-72.0130992445131,-626.78277836642,78.7502655184876,-128.849349852767,-150.763364763001,-128.849349852767,-150.763364763001,-128.849349852767,-50.7633647630007,-246.671078586817
0.895,0.755,-0.514504277458084,0.622532298927759,-1.75072063281304,1.48299387433535,-2.50572846885793,0.582167493998492,-4.32846266754507,0.854727654213359,765.74786071854,71.9663362024727,-765.74786071854,-71.9663362024727,-765.74786071854,-71.9663362024727,-638.151574162956,80.2732770503053,-127.596286555584,-152.239613252778,-127.596286555584,-152.239613252778,-127.596286555584,-52.2396132527779,-243.094922176255
0.890364764207956,0.746145412441398,-0.519326053989172,0.61567780308677,-1.76285204581061,1.46554138488359,-2.50928230324931,0.557594871712252,-4.33455108084832,0.812629946794516,776.052159378515,71.824025993232,-776.052159378515,-71.824025993232,-776.052159378515,-71.824025993232,-649.720514198483,81.8438828318968,-126.331645180032,-153.667908825129,-126.331645180032,-153.667908825129,-126.331645180032,-53.6679088251289,-239.266515659534
0.885884768245681,0.737211277460393,-0.52400449221454,0.608905886930888,-1.7746211041045,1.44830036515008,-2.51254315939477,0.533425488286483,-4.34013756512124,0.771223066401387,786.55150079,71.579236973184,-786.55150079,-71.579236973184,-786.55150079,-71.579236973184,-661.492867647212,83.4683060254241,-125.058633142789,-155.047542998608,-125.058633142789,-155.047542998608,-125.058633142789,-55.0475429986081,-235.177134807901
0.881561376763345,0.728200316481048,-0.528538041781691,0.602225597513505,-1.78602400423366,1.4312937818242,-2.51552028576629,0.509686395118739,-4.34523796480498,0.730553357368179,797.252414129967,71.22451615493,-797.252414129967,-71.22451615493,-797.252414129967,-71.22451615493,-673.471845636493,85.1533697124485,-123.780568493473,-156.377885867378,-123.780568493473,-156.377885867378,-123.780568493473,-56.3778858673785,-230.817579527746
0.877395906707875,0.719115274329369,-0.53292512984413,0.595646355734933,-1.79705689099737,1.41454555004618,-2.51822347715825,0.486405606392715,-4.34986906029776,0.690668813470034,808.161444418063,70.7518479877234,-808.161444418063,-70.7518479877234,-808.161444418063,-70.7518479877234,-685.660564571245,86.9065376063655,-122.500879846818,-157.658385594089,-122.500879846818,-157.658385594089,-122.500879846818,-57.658385594089,-226.178143628721
0.873389626921801,0.709958918397204,-0.537164152022703,0.589177973271821,-1.80771583477219,1.39808057647102,-2.52066307267494,0.463612152196097,-4.35404856450718,0.65161916892431,819.285108371587,70.1526104097344,-819.285108371587,-70.1526104097344,-819.285108371587,-70.1526104097344,-698.062002045537,88.7359568388685,-121.22310632605,-158.888567248603,-121.22310632605,-158.888567248603,-121.22310632605,-58.8885672486028,-221.248584178488
0.869543757756755,0.700734037799269,-0.541253462208175,0.582830669996547,-1.81799680589721,1.38192480359143,-2.52284995094079,0.441336134766335,-4.35779511464433,0.613455994750577,830.629841754019,69.417528156651,-830.629841754019,-69.417528156651,-830.629841754019,-69.417528156651,-710.678944243009,90.6505027624402,-119.95089751101,-160.068030919091,-119.95089751101,-160.068030919091,-119.95089751101,-60.0680309190912,-216.018090809954
0.865859470701742,0.691443442523558,-0.545191361079051,0.576615091796348,-1.82789564580646,1.36610525509286,-2.52479552203678,0.419608787846333,-4.36112825840927,0.576232800458523,842.201936975756,68.5366233618513,-842.201936975756,-68.5366233618513,-842.201936975756,-68.5366233618513,-723.513923597481,92.6598256527533,-118.688013378275,-161.196449014605,-118.688013378275,-161.196449014605,-118.688013378275,-61.1964490146046,-210.475255448098
0.862337888026289,0.682089962575391,-0.548976083197351,0.570542328674188,-1.83740803455898,1.35065008194323,-2.52651171559194,0.398462539078473,-4.3640684335895,0.540005140941129,854.007469558358,67.4991635494077,-854.007469558358,-67.4991635494077,-854.007469558358,-67.4991635494077,-736.569145345546,94.7743991207694,-117.438324212812,-162.273562670177,-117.438324212812,-162.273562670177,-117.438324212812,-62.273562670177,-204.608043044795
0.858980082438593,0.672676447115371,-0.552605782533534,0.564623932980376,-1.8465294543867,1.33558860883655,-2.52801096437606,0.377931075298268,-4.36663693995104,0.504830728335454,866.052211916418,66.2936072058144,-866.052211916418,-66.2936072058144,-866.052211916418,-66.2936072058144,-749.846401455466,97.0055699510091,-116.205810460952,-163.299177156824,-116.205810460952,-163.299177156824,-116.205810460952,-63.2991771568235,-198.403764054219
0.855787076758764,0.663205763591497,-0.55607851626021,0.558871937584863,-1.85525514885096,1.32095138051071,-2.52930618264655,0.358049410505927,-4.36885590214235,0.470769548471221,878.341532746099,64.9075472233707,-878.341532746099,-64.9075472233707,-878.341532746099,-64.9075472233707,-763.346970263427,99.3656089661378,-114.994562482673,-164.273156189509,-114.994562482673,-164.273156189509,-114.994562482673,-64.2731561895085,-191.849049551993
0.852759843607262,0.653680796865714,-0.559392226643116,0.553298873754177,-1.86358007716911,1.30677020734319,-2.53041073839996,0.338853956192071,-4.37074822215578,0.437883981352527,890.880280139328,63.327652642024,-890.880280139328,-63.327652642024,-890.880280139328,-63.327652642024,-777.071499992598,101.867762374397,-113.808780146731,-165.195415016421,-113.808780146731,-165.195415016421,-113.808780146731,-65.1954150164213,-184.929830101659
0.849899305108633,0.644104448335159,-0.56254472084738,0.547917788443202,-1.87149886324577,1.29307820949231,-2.53133841856611,0.320382593569911,-4.37233751969831,0.406238924905683,903.672646371898,61.5396092821488,-903.672646371898,-61.5396092821488,-903.672646371898,-61.5396092821488,-791.019874177086,104.526302880697,-112.652772194812,-166.065912162846,-112.652772194812,-166.065912162846,-112.652772194812,-66.0659121628459,-177.631319706027
0.847206332610613,0.634479635048362,-0.565533648468142,0.542742260649485,-1.87900573891938,1.27990985869329,-2.5321033860604,0.302674747116315,-4.37364805861371,0.375901920969448,916.722012148616,59.5280600637865,-916.722012148616,-59.5280600637865,-916.722012148616,-59.5280600637865,-805.19105686858,107.356579629054,-111.530955280036,-166.88463969284,-111.530955280036,-166.88463969284,-111.530955280036,-66.8846396928401,-169.938006452011
0.844681746418711,0.624809288816687,-0.56835647658777,0.537786416405544,-1.88609448091638,1.26730101663507,-2.53272012747838,0.285771458644949,-4.37470465727317,0.346943282196803,930.030767937409,57.2765460543974,-930.030767937409,-57.2765460543974,-930.030767937409,-57.2765460543974,-819.582915376962,110.375065787788,-110.447852560447,-167.651611842186,-110.447852560447,-167.651611842186,-110.447852560447,-67.6516118421857,-161.833651769062
0.84232631554634,0.615096355321275,-0.571010462158256,0.53306494190184,-1.89275834099531,1.25528896863437,-2.53320339007763,0.269715460921253,-4.37553258061292,0.319436218171803,943.600109898244,54.7674495836735,-943.600109898244,-54.7674495836735,-943.600109898244,-54.7674495836735,-834.192018199318,113.599402283503,-109.408091698926,-168.366851867176,-109.408091698926,-168.366851867176,-109.408091698926,-68.3668518671761,-153.301300575974
0.840140757480559,0.605343793215762,-0.573492621508208,0.528593094138803,-1.89898996876314,1.24391245108376,-2.53356810654752,0.254551249577398,-4.37615741125011,0.293456958613959,957.429807826528,51.9819411171303,-957.429807826528,-51.9819411171303,-957.429807826528,-51.9819411171303,-849.013405739666,117.048435829294,-108.416402086862,-169.030376946424,-108.416402086862,-169.030376946424,-108.416402086862,-69.0303769464242,-144.323304990209
0.838125737963528,0.595554573225037,-0.575799696780551,0.524386708399919,-1.90478132666248,1.23321167088104,-2.53382930592039,0.240325151790602,-4.37660489685621,0.269084871037625,971.517942502875,48.8999319965809,-971.517942502875,-48.8999319965809,-971.517942502875,-48.8999319965809,-864.040331433555,120.742248971338,-107.477611069321,-169.642180967919,-107.477611069321,-169.642180967919,-107.477611069321,-69.6421809679187,-134.881364718084
0.836281870789712,0.585731677240343,-0.577928119121678,0.520462201719026,-1.91012359666297,1.22322831474563,-2.53400200883376,0.227085389846165,-4.37690077072072,0.246402569647914,985.860609895329,45.5000356411183,-985.860609895329,-45.5000356411183,-985.860609895329,-45.5000356411183,-879.263970991395,124.702179391046,-106.596638903934,-170.202215032165,-106.596638903934,-170.202215032165,-106.596638903934,-70.2022150321646,-124.956587730557
0.834609717618913,0.575878097410952,-0.579873968467417,0.516836571383668,-1.91500707825127,1.21400554599376,-2.53410110521802,0.214882137312883,-4.37707054220634,0.225496011580156,1000.45158982514,41.7595403614245,-1000.45158982514,-41.7595403614245,-1000.45158982514,-41.7595403614245,-894.673097691179,128.950825144467,-105.778492133962,-170.710365505892,-105.778492133962,-170.710365505892,-105.778492133962,-70.7103655058915,-114.529575352121
0.833109787805186,0.565996835232733,-0.581632929808628,0.513527387373223,-1.91942107740672,1.20558798598151,-2.53414121236691,0.203767565110328,-4.37713925359578,0.206454575822168,1015.28197701786,37.6543975753334,-1015.28197701786,-37.6543975753334,-1015.28197701786,-37.6543975753334,-910.253722020075,133.512031895954,-105.028254997782,-171.166429471288,-105.028254997782,-171.166429471288,-105.028254997782,-71.1664294712879,-103.580536438827
0.831782538241682,0.556090900633868,-0.58320024587244,0.510552777477028,-1.92335378638258,1.19802167703405,-2.53413651125934,0.193795874242609,-4.37713119967915,0.18937111929358,1030.339772959,33.1592299222019,-1030.339772959,-33.1592299222019,-1030.339772959,-33.1592299222019,-925.988694526474,138.410857513065,-104.351078432526,-171.570087435267,-104.351078432526,-171.570087435267,-104.351078432526,-71.5700874352667,-92.0894358788041
0.830628373221476,0.546163311057997,-0.584570666227733,0.507931403676381,-1.9267921542946,1.19135402326954,-2.53410055895643,0.1850233114123,-4.37706960635341,0.174342003595556,1045.60943770559,28.2473645511108,-1045.60943770559,-28.2473645511108,-1045.60943770559,-28.2473645511108,-941.85727154628,143.673508643398,-103.752166159308,-171.920873194509,-103.752166159308,-171.920873194509,-103.752166159308,-71.9208731945089,-80.0361831902362
0.829647644314414,0.536217090545076,-0.585738392919254,0.505682428209039,-1.92972174875917,1.18563370530562,-2.53404607491304,0.177508163114231,-4.37697626453214,0.161467084892294,1061.07140182441,22.8908976892675,-1061.07140182441,-22.8908976892675,-1061.07140182441,-22.8908976892675,-957.834644561957,149.327243108842,-103.236757262452,-172.21814079811,-103.236757262452,-172.21814079811,-103.236757262452,-72.2181407981095,-67.4008674828627
0.82884065026002,0.526255268810223,-0.586697022857999,0.503825467571194,-1.93212660913362,1.1809105644196,-2.5339846991408,0.171310723149351,-4.3768711158316,0.150849658255923,1076.70153999307,17.0607974584002,-1076.70153999307,-17.0607974584002,-1076.70153999307,-17.0607974584002,-973.891435395804,155.400231155729,-102.810104597263,-172.461028614129,-102.810104597263,-172.461028614129,-102.810104597263,-72.4610286141294,-54.1640454431805
0.828207636876503,0.516280880320842,-0.587439487350458,0.502380532557765,-1.93398909230192,1.17723545134037,-2.53392672036519,0.166493227806683,-4.37677178685058,0.142596346620526,1092.47060956976,10.7270527620035,-1092.47060956976,-10.7270527620035,-1092.47060956976,-10.7270527620035,-989.993161286818,161.921367831201,-102.47744828294,-172.648420593204,-102.47744828294,-172.648420593204,-102.47744828294,-72.6484205932042,-40.3070892401258
0.82774879698587,0.506296963372291,-0.587957989340282,0.501367952307255,-1.93528971243171,1.17466003450597,-2.53388077266084,0.16311975225629,-4.37669306944746,0.136816923283009,1108.34365966976,3.85887686287913,-1108.34365966976,-3.85887686287913,-1108.34365966976,-3.85887686287913,-1006.09967620647,168.920028072986,-102.243983463289,-172.778904935865,-102.243983463289,-172.778904935865,-102.243983463289,-72.7789049358651,-25.8126012509638
0.827464270355196,0.496306559162388,-0.588243939166653,0.500808280215506,-1.936006976712,1.17323656235907,-2.53385349956054,0.161256061006454,-4.37664634529311,0.133624055707024,1124.27941902949,-3.57502506250336,-1124.27941902949,3.57502506250336,-1124.27941902949,3.57502506250336,-1022.16459757599,176.425755577218,-102.114821453507,-172.850730514715,-102.114821453507,-172.850730514715,-102.114821453507,-72.8507305147149,-10.6649021836537
0.827354143654051,0.486312710865035,-0.588287889916868,0.500722179529519,-1.93611721977312,1.17301757411381,-2.53384918534849,0.160969404642904,-4.37663895420418,0.133132957297507,1140.22967422509,-11.6061146613568,-1140.22967422509,11.6061146613568,-1140.22967422509,11.6061146613568,-1038.13473088126,184.467876243558,-102.094943343822,-172.861761582201,-102.094943343822,-172.861761582201,-102.094943343822,-72.8617615822012,5.14940158711094
0.827418450428094,0.476318462703237,-0.588079473767661,0.501130286447338,-1.93559444029498,1.17405555346061,-2.53386935420384,0.162328254536956,-4.37667350739762,0.135460932903835,1156.13865364677,-20.2655955955039,-1156.13865364677,20.2655955955039,-1156.13865364677,20.2655955955039,-1053.94950853724,193.075027108344,-102.189145109532,-172.80943151284,-102.189145109532,-172.80943151284,-102.189145109532,-72.8094315128401,21.6407669709353
0.827657171088858,0.466326859021799,-0.587607341069301,0.502053048655262,-1.93441014422251,1.17640251993751,-2.53391233909008,0.165401966847174,-4.37674714891391,0.140726803188983,1171.94243697717,-29.5838957193258,-1171.94243697717,29.5838957193258,-1171.94243697717,29.5838957193258,-1069.54046368357,202.274592306754,-102.4019732936,-172.690696587429,-102.4019732936,-172.690696587429,-102.4019732936,-72.6906965874287,38.8159769102228
0.828070232919719,0.456340943359993,-0.586859104324019,0.503510537454049,-1.93253320001894,1.18010955324971,-2.53397282381807,0.170260367022207,-4.37685077108141,0.149050192801605,1187.56841468941,-39.5900477892002,-1187.56841468941,39.5900477892002,-1187.56841468941,39.5900477892002,-1084.83076429336,212.092038915134,-102.737650396056,-172.501991125934,-102.737650396056,-172.501991125934,-102.737650396056,-72.5019911259343,56.6773172712417
0.828657510098039,0.446363757524467,-0.585821289636744,0.505522231987942,-1.92992971247375,1.18522624673157,-2.53404136356423,0.176973246231832,-4.37696819307027,0.160550667663952,1202.93482710498,-50.3109620758252,-1202.93482710498,50.3109620758252,-1202.93482710498,50.3109620758252,-1099.73483786518,222.550147687865,-103.1999892398,-172.23918561204,-103.1999892398,-172.23918561204,-103.1999892398,-72.2391856120403,75.2216720040567
0.829418823733503,0.436398340662676,-0.584479298656975,0.508106774620481,-1.92656292270808,1.19180008748368,-2.53410389130252,0.185609761809996,-4.37707531531394,0.175346707813539,1217.95041757841,-61.7705870739411,-1217.95041757841,61.7705870739411,-1217.95041757841,61.7705870739411,-1114.15812177635,233.668136892022,-103.792295802054,-171.897549818081,-103.792295802054,-171.897549818081,-103.792295802054,-71.8975498180812,94.4395455162189
0.830353941922602,0.426447728337134,-0.582817384464619,0.511281697223313,-1.92239314313101,1.1998757625429,-2.5341412200888,0.196237734995898,-4.37713926682488,0.193554504296291,1232.51423905009,-73.9889584900179,-1232.51423905009,73.9889584900179,-1232.51423905009,73.9889584900179,-1127.99697872805,245.460681810965,-104.517260322039,-171.471723320947,-104.517260322039,-171.471723320947,-104.517260322039,-71.4717233209475,114.314027098302
0.831462579819277,0.416514951600749,-0.580818645251361,0.51506311907726,-1.91737773712496,1.2094943928042,-2.53412855386616,0.208922841115339,-4.37711756710849,0.215286571788829,1246.51565706487,-86.9811419665214,-1246.51565706487,86.9811419665214,-1246.51565706487,86.9811419665214,-1141.13882013012,257.936838143749,-105.376836934749,-170.955696177228,-105.376836934749,-170.955696177228,-105.376836934749,-70.9556961772278,134.819719162531
0.832744399721684,0.406603036073537,-0.578465039976105,0.519465418238067,-1.91147115408374,1.22069269933292,-2.53403502234965,0.223727689952055,-4.37695732932959,0.240650173094712,1259.83459482399,-100.75608163135,-1259.83459482399,100.75608163135,-1259.83459482399,100.75608163135,-1153.46248217319,271.09888450257,-106.372112650798,-170.342802871221,-106.372112650798,-170.342802871221,-106.372112650798,-70.3428028712206,155.921658851209
0.834199011175064,0.396715001020985,-0.575737430384878,0.524500879588566,-1.90462503098379,1.23350211017598,-2.53382325846167,0.240710797493054,-4.37659453637677,0.269745557543121,1272.34206626643,-115.315374497635,-1272.34206626643,115.315374497635,-1272.34206626643,115.315374497635,-1164.83889905681,284.941107423534,-107.503167209621,-169.625732925898,-107.503167209621,-169.625732925898,-107.503167209621,-69.6257329258984,177.57427093877
0.835825971090678,0.386853858434357,-0.572615653832624,0.53017932436212,-1.89678837181055,1.24794781974413,-2.53344903953989,0.259925454528428,-4.37595342618119,0.302664022679077,1283.90104086616,-130.651999792539,-1283.90104086616,130.651999792539,-1283.90104086616,130.651999792539,-1175.13211469124,299.448561522351,-108.768926174922,-168.796561729812,-108.768926174922,-168.796561729812,-108.768926174922,-68.7965617298118,199.720398421143
0.837624783880773,0.377022612113214,-0.569078631174147,0.536507727634453,-1.88790781575448,1.26404781718222,-2.53286101589191,0.28141850272407,-4.3749460266778,0.339485817436647,1294.3676781063,-146.749042094051,-1294.3676781063,146.749042094051,-1294.3676781063,146.749042094051,-1184.20066750593,314.595847225146,-110.167010600367,-167.846805131095,-110.167010600367,-167.846805131095,-110.167010600367,-67.8468051310952,222.290465109933
0.83959490160955,0.367224256750422,-0.565104513552486,0.543489832071959,-1.87792800400369,1.28181190469307,-2.53200055194856,0.305229034668767,-4.37347188366981,0.380277915065403,1303.59295988145,-163.578457126434,-1303.59295988145,163.578457126434,-1303.59295988145,163.578457126434,-1191.89937224469,330.34595825509,-111.693587636762,-166.767501128656,-111.693587636762,-166.767501128656,-111.693587636762,-66.7675011286562,245.201831105453
0.841735724160063,0.357461777019942,-0.5606708711606,0.551125767996858,-1.86679205307677,1.30124073128576,-2.53080170596265,0.331387040838393,-4.37141802604862,0.425091695115481,1311.42473503396,-181.099938420106,-1311.42473503396,181.099938420106,-1311.42473503396,181.099938420106,-1198.08150750837,346.649259917409,-113.343227525599,-165.549321497304,-113.343227525599,-165.549321497304,-113.343227525599,-65.5493214973037,268.358406255082
0.844046599417024,0.347738146667673,-0.555754925955402,0.559411691460186,-1.8544421398811,1.32232487157042,-2.52919137360143,0.359912033130578,-4.36865921179591,0.473960585283282,1317.71017182913,-199.259950803392,-1317.71017182913,199.259950803392,-1317.71017182913,199.259950803392,-1202.60139837603,363.442666176795,-115.1087734531,-164.182715373402,-115.1087734531,-164.182715373402,-115.1087734531,-64.1827153734024,291.650587589268
0.846526823465444,0.338056327605614,-0.550333828852143,0.568339453359294,-1.84082020002068,1.34504398265487,-2.52708961860338,0.390811681211365,-4.36505849446328,0.526897725206627,1322.29859184692,-217.99100175453,-1322.29859184692,217.99100175453,-1322.29859184692,217.99100175453,-1205.31736021857,380.649087427282,-116.981231628347,-162.658085672752,-116.981231628347,-162.658085672752,-116.981231628347,-62.6580856727517,314.955583284941
0.849175640805052,0.328419269009642,-0.54438498014076,0.57789631354305,-1.82586873636017,1.36936607452308,-2.52441020969332,0.424080503897163,-4.36046814301291,0.583893724546116,1325.04463346523,-237.211222865498,-1325.04463346523,237.211222865498,-1325.04463346523,237.211222865498,-1206.0949438778,398.177220576287,-118.949689587435,-160.965997710789,-118.949689587435,-160.965997710789,-118.949689587435,-60.9659977107894,338.138177131574
0.851992244580426,0.318829906421161,-0.537886389797391,0.588064714163502,-1.80953172961029,1.39524693010494,-2.52106137706459,0.459698662620273,-4.35473093781939,0.644914595955639,1325.81166634294,-256.824330025179,-1325.81166634294,256.824330025179,-1325.81166634294,256.824330025179,-1204.81039534957,415.921747604771,-121.001270993376,-159.097417579592,-121.001270993376,-159.097417579592,-121.001270993376,-59.0974175795922,361.051973298357
0.854975776826771,0.30929116085291,-0.530817072104348,0.598822126124976,-1.79175563696245,1.42262971024495,-2.51694679398054,0.497630907119901,-4.34768185234512,0.709899948844879,1324.47535209929,-276.720021659909,-1324.47535209929,276.720021659909,-1324.47535209929,276.720021659909,-1201.35421711593,433.763997440437,-123.121134983356,-157.043975780528,-123.121134983356,-157.043975780528,-123.121134983356,-57.0439757805279,383.54114143797
0.858125328731262,0.299805937899194,-0.523157466667652,0.610140981255504,-1.77249045888887,1.45144477570051,-2.51196677964173,0.537825724319788,-4.33915011388697,0.77876153124027,1320.92722312429,-296.774859155775,-1320.92722312429,296.774859155775,-1320.92722312429,296.774859155775,-1195.63469580946,451.573108589817,-125.292527314829,-154.798249434042,-125.292527314829,-154.798249434042,-125.292527314829,-54.7982494340415,405.442657435788
0.86143994090988,0.290377126850808,-0.5148898756899,0.621988700741731,-1.75169084853542,1.48160975304813,-2.50601970882515,0.580214739453096,-4.32896161856405,0.851382203794788,1315.07813368583,-316.853652693849,-1315.07813368583,316.853652693849,-1315.07813368583,316.853652693849,-1187.5812445657,469.207706942322,-127.496889120136,-152.354054248473,-127.496889120136,-152.354054248473,-127.496889120136,-52.3540542484726,426.589006711334
0.864918603699645,0.281007599814937,-0.505998905393873,0.634327827456696,-1.72931723311666,1.51302986401831,-2.49900360253574,0.624712413592797,-4.31694165641469,0.927615421598371,1306.86142761746,-336.811350091624,-1306.86142761746,336.811350091624,-1306.86142761746,336.811350091624,-1177.14740062845,486.518085610753,-129.714026989008,-149.706735519129,-129.714026989008,-149.706735519129,-129.714026989008,-49.7067355191294,446.811286825797
0.868560257466173,0.271700210840282,-0.496471897977606,0.647116266176904,-1.70533691282921,1.54559852858826,-2.49081786277712,0.671216073784342,-4.30291788339807,1.00728528580107,1296.23566678932,-356.495397468843,-1296.23566678932,356.495397468843,-1296.23566678932,356.495397468843,-1164.31332137119,503.348843421725,-131.922345418127,-146.853445952882,-131.922345418127,-146.853445952882,-131.922345418127,-46.8534459528815,465.942616672805
0.87236379292645,0.262457795047686,-0.486299339577176,0.660307631512945,-1.67972510044659,1.57919824159298,-2.48136510440387,0.719606301161146,-4.28672345971539,1.09018720853077,1283.18677539897,-375.748510821906,-1283.18677539897,375.748510821906,-1283.18677539897,375.748510821906,-1149.08763587166,519.541908091866,-134.099139527312,-143.79339726996,-134.099139527312,-143.79339726996,-134.099139527312,-43.79339726996,483.821733426542
0.876328051486727,0.253283167766533,-0.475475229545299,0.673851698913419,-1.65246586426881,1.61370171129473,-2.47055302872458,0.769747689233864,-4.26820025965823,1.17608921199102,1267.72947694787,-394.411769443653,-1267.72947694787,394.411769443653,-1267.72947694787,394.411769443653,-1131.50853440601,534.939841930415,-136.220942541867,-140.528072486762,-136.220942541867,-140.528072486762,-136.220942541867,-40.5280724867618,500.296638348477
0.880451825595446,0.24417912367717,-0.46399739699508,0.687694949635758,-1.62355293866278,1.64897323701549,-2.45829627786319,0.821489969716055,-4.24720204849224,1.26473385722055,1249.90793252224,-412.327918191394,-1249.90793252224,412.327918191394,-1249.90793252224,412.327918191394,-1111.64401338823,549.389304825785,-138.263919134002,-137.061386634391,-138.263919134002,-137.061386634391,-138.263919134002,-37.0613866343907,515.22814078523
0.884733859111065,0.235148435959619,-0.451867752016159,0.701781196417036,-1.59299037006812,1.68487029236421,-2.44451820645723,0.874669487714837,-4.22359751772269,1.35584077138336,1229.79552849854,-429.344748266083,-1229.79552849854,429.344748266083,-1229.79552849854,429.344748266083,-1089.5912359105,562.744533705646,-140.204292588035,-133.399785439563,-140.204292588035,-133.399785439563,-140.204292588035,-33.399785439563,528.493147795222
0.889172847684694,0.226193855448842,-0.439092461182021,0.716052273015806,-1.560792971901,1.72124527152543,-2.42915250841896,0.929110992922172,-4.19727307205441,1.4491097164297,1207.49380597669,-445.318417238739,-1207.49380597669,445.318417238739,-1207.49380597669,445.318417238739,-1065.4750147874,574.870691355446,-142.018791189285,-129.552274116707,-142.018791189285,-129.552274116707,-142.018791189285,-29.5522741167069,539.987555445855
0.893767439157411,0.217318109796806,-0.425682039803292,0.73044876808018,-1.52698656894281,1.7579473491482,-2.41214464124927,0.984629699646584,-4.16813526952004,1.54422411833322,1183.13056949232,-460.116569553672,-1183.13056949232,460.116569553672,-1183.13056949232,460.116569553672,-1039.44547200657,585.646941283275,-143.685097485749,-125.530371729603,-143.685097485749,-125.530371729603,-143.685097485749,-25.5303717296029,549.62861649015
0.898516233972147,0.208523902641618,-0.411651356658329,0.744910782105998,-1.49160802008608,1.79482440003749,-2.39345299849533,1.04103355708567,-4.13611283012929,1.64085495651178,1156.85725514124,-473.621128707916,-1156.85725514124,473.621128707916,-1156.85725514124,473.621128707916,-1011.67497182255,594.969119043797,-145.182283318693,-121.347990335881,-145.182283318693,-121.347990335881,-145.182283318693,-21.3479903358805,557.356686396988
0.903417785599996,0.19981391278397,-0.397019550430125,0.759378685673474,-1.45470501717267,1.83172492334189,-2.3730497918128,1.09812566292025,-4.10115814701399,1.73866489878628,1128.84567475495,-485.73065085154,-1128.84567475495,485.73065085154,-1128.84567475495,485.73065085154,-982.354460899333,602.751892884372,-146.491213855619,-117.021242032832,-146.491213855619,-117.021242032832,-146.491213855618,-17.0212420328322,563.136283255916
0.908470600980852,0.191190793371148,-0.381809860564314,0.773793857690924,-1.4163356665071,1.8684999172514,-2.35092161693456,1.15570674860876,-4.06324825604323,1.83731255917585,1099.28428049554,-496.362154944435,-1099.28428049554,496.362154944435,-1099.28428049554,496.362154944435,-951.689375220772,608.930335707467,-147.594905274763,-112.568180763032,-147.594905274763,-112.568180763032,-147.594905274763,-12.5681807630319,566.956434027649
0.913673140978202,0.182657171088858,-0.366049378513796,0.78809938394245,-1.37656786789499,1.90500465415061,-2.3270696917246,1.21357766386416,-4.02238524365617,1.9364567542928,1068.37411146655,-505.452374518322,-1068.37411146655,505.452374518322,-1068.37411146655,505.452374518322,-919.895288337591,613.460863532791,-148.478823128963,-108.008489014469,-148.478823128963,-108.008489014469,-148.478823128963,-8.00848901446889,568.830316880831
0.919023820847963,0.174215645361116,-0.349768728158063,0.802240698672519,-1.33547851324897,1.94110031231067,-2.30150976843062,1.27154179058746,-3.97859609653367,2.03576063888279,1036.32459004068,-512.958407911589,-1036.32459004068,512.958407911589,-1036.32459004068,512.958407911589,-887.193478486485,616.321530025472,-149.131111554198,-103.363122113883,-149.131111554198,-103.363122113883,-149.131111554198,-3.36312211388312,568.794244013428
0.924521010721215,0.165868787558432,-0.333001686432406,0.81616615503233,-1.29315253254801,1.97665542801313,-2.27427173532429,1.32940732261333,-3.93193201913005,2.13489561147483,1003.34933102828,-518.857774973966,-1003.34933102828,518.857774973966,-1003.34933102828,518.857774973966,-853.806583910845,617.511699465659,-149.542747117436,-98.6539244916929,-149.542747117436,-98.6539244916929,-149.542747117436,1.34607550830705,566.906058937552
0.930163036100669,0.157619140214552,-0.315784756781451,0.829827513720991,-1.2496818189904,2.01154714087351,-2.24539893435497,1.38698935638112,-3.88246726468056,2.23354489610961,969.662112909159,-523.147916383966,-969.662112909159,523.147916383966,-969.662112909159,523.147916383966,-819.954497987147,617.051149395179,-149.707614922012,-93.903233011213,-149.707614922012,-93.903233011213,-149.707614922012,6.09676698878698,563.243044929678
0.935948178370741,0.149469216251971,-0.298156708927718,0.843180342835694,-1.20516406745603,2.04566221445601,-2.21494723066236,1.44411174832284,-3.83029754109453,2.3314067244084,935.473139134611,-525.845195102075,-935.473139134611,525.845195102075,-935.473139134611,525.845195102075,-785.850630821909,614.978677317928,-149.622508312701,-89.1334822158534,-149.622508312701,-89.1334822158534,-149.622508312701,10.8665177841466,557.899456231176
0.941874675321051,0.141421498216481,-0.280158098637474,0.856184325573382,-1.15970156093024,2.07889782346978,-2.18298387644483,1.50060870654375,-3.7755380645397,2.4281970624331,900.985691356015,-526.983476945271,-900.985691356015,526.983476945271,-900.985691356015,526.983476945271,-751.698634469147,611.350302196403,-149.287056886868,-84.3668252511322,-149.287056886868,-84.3668252511322,-149.287056886868,15.6331747488678,550.983790440481
0.947940721683218,0.133478437520953,-0.261830780736184,0.868803475809397,-1.11339993849955,2.11116210742355,-2.14958621564397,1.55632609646392,-3.7183213403134,2.52365184750561,866.393247802582,-526.612378320366,-866.393247802582,526.612378320366,-866.393247802582,526.612378320366,-717.68965748313,606.237160744232,-148.703590319453,-79.6247824238663,-148.703590319453,-79.6247824238663,-148.703590319453,20.3752175761337,542.615919885049
0.954144469680758,0.125642453698621,-0.243217427670969,0.881006264567445,-1.06636697615018,2.14237449820839,-2.11484027727041,1.61112245177652,-3.65879475293481,2.61752872017704,831.877111192888,-524.795273905917,-831.877111192888,524.795273905917,-831.877111192888,524.795273905917,-684.000163577281,599.723200975641,-147.876947615607,-74.927927069724,-147.876947615607,-74.927927069724,-147.876947615607,25.072072930276,532.92419265891
0.960484029591932,0.117915933666069,-0.224361064554659,0.89276566288894,-1.01871140817923,2.17246583542293,-2.07883930422117,1.66486969277241,-3.59711804572114,2.70960825485829,797.604563443989,-521.607156129254,-797.604563443989,521.607156129254,-797.604563443989,521.607156129254,-650.790320687325,591.902771957943,-146.814242756665,-70.2956158286889,-146.814242756665,-70.2956158286889,-146.814242756665,29.7043841713111,522.042601873461
0.966957470325379,0.110301230996144,-0.205304629980642,0.904059108554608,-0.970541812883153,2.20137828821065,-2.04168226150181,1.71745356334838,-3.5334607650806,2.79969470850052,763.727540492068,-517.132432598202,-763.727540492068,517.132432598202,-763.727540492068,517.132432598202,-618.202942179147,582.878200382521,-145.524598312921,-65.7457677843189,-145.524598312921,-65.7457677843189,-145.524598312921,34.2542322156811,510.108106065836
0.973562820008342,0.102800665201047,-0.186090570092616,0.914868405495756,-0.921965581629894,2.22906510591583,-2.00347236331867,1.76877380558398,-3.46799973713332,2.88761631967949,730.381800707975,-511.462738363288,-730.381800707975,511.462738363288,-730.381800707975,511.462738363288,-586.362942181251,572.757432752593,-144.018858526724,-61.2946943893055,-144.018858526724,-61.2946943893055,-144.018858526724,38.7053056106945,497.258166198301
0.98029806658732,0.0954165210257772,-0.166760471540284,0.925179565580404,-0.873087985733264,2.25549022204151,-1.96431565301528,1.81874409651977,-3.40091663486468,2.97322520028429,697.686545144026,-504.694828206845,-697.686545144026,504.694828206845,-697.686545144026,504.694828206845,-555.377252414918,561.651808027549,-142.309292729108,-56.9569798207042,-142.309292729108,-56.9569798207042,-142.309292729108,43.0430201792958,483.628546672509
0.98716115844096,0.0881510477521832,-0.147354737146312,0.934982602820728,-0.824011350973903,2.28062773693424,-1.92431966374675,1.86729177570782,-3.33239568359866,3.05639686875805,665.744437229297,-496.928601220952,-665.744437229297,496.928601220952,-665.744437229297,496.928601220952,-525.335138355772,549.674010704192,-140.409298873525,-52.7454094832405,-140.409298873525,-52.7454094832405,-140.409298873525,47.2545905167595,469.351410444871
0.994150005004998,0.0810064585138059,-0.127912306426738,0.944271289990491,-0.774834345341473,2.30446130449817,-1.8835921815201,1.91435739435053,-3.26262154184401,3.13702947768466,634.641963253514,-488.265296743645,-634.641963253514,488.265296743645,-634.641963253514,488.265296743645,-496.308847663403,536.936239607597,-138.333115590111,-48.6709428639513,-138.333115590111,-48.6709428639513,-138.333115590111,51.3290571360487,454.55372255018
1.00126247740907,0.0739849296217387,-0.108470421601001,0.953042887241545,-0.725651381747724,2.32698344724855,-1.84224012611552,1.95989411758729,-3.1917773840935,3.21504278978881,604.450072527307,-478.805888077196,-604.450072527307,478.805888077196,-604.450072527307,478.805888077196,-468.354522910534,523.548613929219,-136.095549616773,-44.7427258520229,-136.095549616773,-44.7427258520229,-136.095549616773,55.2572741479771,439.355962713808
1.00849640912518,0.0670885999017012,-0.0890644384334443,0.961297851646727,-0.676552134168018,2.34819482235525,-1.80036855970429,2.00386701096779,-3.12004320239261,3.29037695552533,575.225036824798,-468.649688906322,-575.225036824798,468.649688906322,-575.225036824798,468.649688906322,-441.513312957404,509.617825863507,-133.711723867394,-40.9681369571851,-133.711723867394,-40.9681369571851,-133.711723867394,59.0318630428149,423.87113658024
1.01584959662765,0.060319570042532,-0.069727680182366,0.969039535749104,-0.6276211629539,2.36810345919258,-1.75807982788006,2.0462522406251,-3.04759433475803,3.36299114281918,547.009471895763,-457.893177354412,-547.009471895763,457.893177354412,-547.009471895763,457.893177354412,-415.812622046098,495.246038902063,-131.196849849665,-37.3528615476505,-131.196849849665,-37.3528615476505,-131.196849849665,62.6471384523495,408.204066497645
1.02331980006433,0.0536799019562998,-0.0504913320973168,0.976273882234576,-0.578937642927037,2.38672398648161,-1.7154728334326,2.08703621438791,-2.97460022101016,3.4328620656228,519.833468782445,-446.629034363244,-519.833468782445,446.629034363244,-519.833468782445,446.629034363244,-391.267442063976,480.530022591384,-128.566026718469,-33.9009882281404,-128.566026718469,-33.9009882281404,-128.566026718469,66.0990117718596,392.450936682661
1.0309047439389,0.047171618150223,-0.0313843732906313,0.983009120826673,-0.530575186291317,2.40407686453762,-1.67264243957022,2.12621468829193,-2.90122338037634,3.49998245319542,493.715788753003,-434.945386603926,-493.715788753003,434.945386603926,-493.715788753003,434.945386603926,-367.881720758203,465.560508330339,-125.834067994799,-30.6151217264124,-125.834067994799,-30.6151217264124,-125.834067994799,69.3848782735876,376.699063724582
1.03860211780398,0.040796701110597,-0.0124335423970162,0.989255472479109,-0.482601751340128,2.42018763554598,-1.62967899643747,2.16379185987895,-2.82761860032316,3.56435949674701,468.665082319694,-422.925239354158,-468.665082319694,422.925239354158,-468.665082319694,422.925239354158,-345.649726397236,450.421746442499,-123.015355922458,-27.4965070883415,-123.015355922458,-27.4965070883415,-123.015355922458,72.5034929116585,361.026861470521
1.0464095769649,0.0345570926989061,0.00633666679840706,0.995024864952506,-0.435079627329747,2.43508620228442,-1.58666798264161,2.19977946649021,-2.75393232242111,3.62601330463846,444.681099597185,-410.646081556935,-444.681099597185,410.646081556935,-444.681099597185,410.646081556935,-324.557377012351,435.191242093255,-120.123722584834,-24.5451605363203,-120.123722584834,-24.5451605363203,-120.123722584834,75.4548394636797,345.503969019825
1.054324743194,0.0284546935603178,0.0249039836642212,1.0003306629356,-0.388065485671175,2.44880614336212,-1.54368975202898,2.23419590361346,-2.68030220852306,3.68497539193776,421.755865831608,-398.179643406491,-421.755865831608,398.179643406491,-421.755865831608,398.179643406491,-304.583509574582,419.939646376564,-117.172356257026,-21.7600029700738,-117.172356257026,-21.7600029700738,-117.172356257026,78.2399970299262,330.191511498287
1.06234520545494,0.0224913625447247,0.0432483168159348,1.00518741502804,-0.341610487691547,2.461384070907,-1.50081937505999,2.26706537534219,-2.60685686900849,3.74128722499037,399.874802048294,-385.591786061867,-399.874802048294,385.591786061867,-399.874802048294,385.591786061867,-285.701071038894,404.730778800165,-114.173731009401,-19.1389927382978,-114.173731009401,-19.1389927382978,-114.173731009401,80.8610072617022,315.142465149036
1.07046852063724,0.016668916140522,0.0613516917131015,1.00961061915338,-0.295760439566111,2.47285903473196,-1.45812656372931,2.2984170862281,-2.53371573415723,3.79499883690468,379.017776267322,-372.942503238457,-379.017776267322,372.942503238457,-379.017776267322,372.942503238457,-267.87821898159,389.621758187268,-111.139557285732,-16.6792549488115,-111.139557285732,-16.6792549488115,-111.139557285732,83.3207450511885,300.402100770702
1.0786922143004,0.0109891279212886,0.0791981732596613,1.01361650732206,-0.250555985559026,2.48327197536271,-1.41567566897625,2.32828448130672,-2.46098904971285,3.84616752556706,359.160075534103,-360.286015255454,-359.160075534103,360.286015255454,-359.160075534103,360.286015255454,-251.079324506999,374.663220443722,-108.080751027104,-14.3772051882682,-108.080751027104,-14.3772051882682,-108.080751027104,85.6227948117318,286.008482400038
1.08701378142766,0.00545372800553617,0.0967737766398245,1.01722185011543,-0.206032831380613,2.49266522691413,-1.3735257398422,2.35670453887562,-2.38877797823092,3.89485664203275,340.273293078749,-347.670937427133,-340.273293078749,347.670937427133,-340.273293078749,347.670937427133,-235.265874202946,359.899603499559,-105.007418875803,-12.2286660724261,-105.007418875803,-12.2286660724261,-105.007418875803,87.7713339275739,271.993001168012
1.09543068718906,6.4402529702634e-05,0.114066369322512,1.02044378080933,-0.162221990221329,2.50108206964985,-1.33173063417919,2.38371711871542,-2.31717478874446,3.94113447390097,322.326128266476,-335.140506309452,-322.326128266476,335.140506309452,-322.326128266476,335.140506309452,-220.397271220384,345.369481843597,-101.928857046092,-10.2289755341457,-101.928857046092,-10.2289755341457,-101.928857046092,89.7710244658543,258.38092729297
1.10394036771358,-0.00517720686546486,0.131065566851788,1.02329963869214,-0.119150044817944,2.50856633113386,-1.29033917142553,2.40936436685811,-2.24626311849844,3.98507322556664,305.285099675928,-322.732849111017,-305.285099675928,322.732849111017,-305.285099675928,322.732849111017,-206.431538108063,331.105935285058,-98.8535615678648,-8.37308617404162,-98.8535615678648,-8.37308617404162,-98.8535615678648,91.6269138259584,245.191966091348
1.11254023087008,-0.0102695035349682,0.147762624721584,1.02580683085086,-0.076839419712777,2.51516203416399,-1.24939531878234,2.43369017670905,-2.17611829190669,4.02674809501698,289.115173706403,-310.481283437819,-289.115173706403,310.481283437819,-289.115173706403,310.481283437819,-193.325925931955,317.136938785754,-95.7892477744475,-6.65565534793545,-95.7892477744475,-6.65565534793545,-95.7892477744475,93.3443446520645,232.440806602192
1.12122765705695,-0.0152109363159111,0.164150328320602,1.02798271148823,-0.035308658656182,2.52091308913957,-1.20893840299889,2.45673970529492,-2.10680768338143,4.06623644506961,273.780312641898,-298.414636379437,-273.780312641898,298.414636379437,-273.780312641898,298.414636379437,-181.037435542023,303.48576232838,-92.7428770998747,-5.07112594894307,-92.7428770998747,-5.07112594894307,-92.7428770998747,94.9288740510569,220.137653883462
1.13,-0.02,0.180222882634933,1.02984447768691,0.00542729714297319,2.52586302813758,-1.16900334086535,2.47855894261244,-2.03839111221261,4.10361706558277,259.243947167154,-286.557573699243,-259.243947167154,286.557573699243,-259.243947167154,286.557573699243,-169.523257707207,290.171371764649,-89.7206894599479,-3.61379806540597,-89.7206894599479,-3.61379806540597,-89.7206894599479,96.386201934594,208.288738218209
1.1388545875586,-0.0246352357920443,0.195975803117017,1.03140908044187,0.0453568335080153,2.5300547777279,-1.12962088238974,2.49919433146266,-1.97092125917746,4.13896952215706,245.469379014455,-274.930931520757,-245.469379014455,274.930931520757,-245.469379014455,274.930931520757,-158.741139310314,277.208823386155,-86.7282397041411,-2.27789186539849,-86.7282397041411,-2.27789186539849,-86.7282397041411,97.7221081346015,196.896796358644
1.14778872253961,-0.0291152317543185,0.211405808873466,1.03269314973177,0.0844713934668374,2.53353046742659,-1.09081786147685,2.51869243474321,-1.90444409600254,4.17237358614197,232.420119791227,-263.55204438119,-232.420119791227,263.55204438119,-232.420119791227,263.55204438119,-148.649682957484,264.60964656245,-83.7704368337436,-1.0576021812603,-83.7704368337436,-1.0576021812603,-83.7704368337436,98.9423978187397,185.961521541511
1.15679968351895,-0.0334386232366547,0.226510719092933,1.03371293238568,0.122765215459801,2.5363312706459,-1.05261744971691,2.53709964690849,-1.83899932015338,4.20390874031086,220.060172162469,-252.435064838795,-220.060172162469,252.435064838795,-220.060172162469,252.435064838795,-139.208587282912,252.38221018945,-80.851584879557,0.0528546493447911,-80.851584879557,0.0528546493447911,-80.851584879557,100.052854649345,175.47998034484
1.16588472567063,-0.0376040932921251,0.241289353429169,1.03448424151507,0.160235081414369,2.53849727503179,-1.01503940961974,2.55446194616877,-1.77462078867405,4.23365375432946,208.354259495724,-241.591270969959,-208.354259495724,241.591270969959,-208.354259495724,241.591270969959,-130.37883497968,240.53206989084,-77.9754245160432,1.05920107911964,-77.9754245160432,1.05920107911964,-77.9754245160432,101.05920107912,165.446995546028
1.1750410816028,-0.0416103730781991,0.255741436873643,1.03502241631698,0.196880076058686,2.54006737916793,-0.978100344289653,2.57082468395947,-1.71133694592918,4.26168632407557,197.268009868795,-231.029359079162,-197.268009868795,231.029359079162,-197.268009868795,231.029359079162,-122.122835213125,229.062293926015,-75.1451746556703,1.96706515314713,-75.1451746556703,1.96706515314713,-75.1451746556703,101.967065153147,155.855495009848
1.18426596220073,-0.0454562422432446,0.269867509495381,1.03534229110608,0.232701358448082,2.54107921275486,-0.941813941127245,2.58623240825064,-1.6491712411127,4.28808276893377,186.768100032916,-220.755719779266,-186.768100032916,220.755719779266,-186.768100032916,220.755719779266,-114.404526616674,217.973766595329,-72.3635734162425,2.78195318393736,-72.3635734162425,2.78195318393736,-72.3635734162425,102.781953183937,146.696827309636
1.19355655747644,-0.0491405292982573,0.283668841291818,1.03545817249717,0.267701946338153,2.54156907753224,-0.9061912076647,2.60072871736578,-1.58814253227988,4.3129177813583,176.822364550303,-210.774696293123,-176.822364550303,210.774696293123,-176.822364550303,210.774696293123,-107.189446565282,207.265468613836,-69.6329179850212,3.50922767928697,-69.6329179850212,3.50922767928697,-69.6329179850212,103.509227679287,137.961045292278
1.20291003742461,-0.0526621119737107,0.297147352281626,1.03538382373056,0.301886513750839,2.54157190639107,-0.87124069809563,2.61435614112174,-1.52826547443726,4.33626422324263,167.399874912171,-201.08882439426,-167.399874912171,201.08882439426,-167.399874912171,201.08882439426,-100.444771895191,196.934734466763,-66.9551030169803,4.15408992749694,-66.9551030169803,4.15408992749694,-66.9551030169803,104.154089927497,129.637159163607
1.21232355288463,-0.0560199175614069,0.310305537876668,1.03513245520836,0.335261201840968,2.54112123831271,-0.836968729451824,2.6271560462761,-1.46955088989564,4.35819296393217,158.470993012591,-191.699053859079,-158.470993012591,191.699053859079,-158.470993012591,191.699053859079,-94.1393357110127,186.977487181624,-64.3316573015788,4.72156667745554,-64.3316573015788,4.72156667745554,-64.3316573015788,104.721566677456,121.713360919197
1.2217942364085,-0.0592129232412363,0.323146399493721,1.0347167203869,0.367833442975566,2.54024920696594,-0.803379586712175,2.63916856346234,-1.41200611966185,4.37877275505009,150.007402921176,-182.604951659953,-150.007402921176,182.604951659953,-150.007402921176,182.604951659953,-88.243624406947,177.388451270572,-61.7637785142291,5.21650038938103,-61.7637785142291,5.21650038938103,-61.7637785142291,105.216500389381,114.177222097709
1.23131920313429,-0.0622401563927375,0.335673380305072,1.03414871624716,0.399611797781122,2.53898654098797,-0.770475716409402,2.65043253299953,-1.35563535512487,4.39807013765857,141.982124475648,-173.804887401966,-141.982124475648,173.804887401966,-141.982124475648,173.804887401966,-82.7297585389737,168.161344828646,-59.252365936674,5.64354257332003,-59.252365936674,5.64354257332003,-59.252365936674,105.64354257332,107.015866909146
1.24089555166484,-0.0651006948913669,0.347890305978962,1.03343998764046,0.430605804790821,2.53736257416422,-0.738257908532586,2.66098546717282,-1.3004399496905,4.41614937763803,134.369511812228,-165.296201708536,-134.369511812228,165.296201708536,-134.369511812228,165.296201708536,-77.5714607259962,159.289051933507,-56.798051086232,6.00714977502904,-56.798051086232,6.00714977502904,-56.798051086232,106.007149775029,100.216122804854
1.25052036495164,-0.0677936673893874,0.359801330224119,1.03260153487845,0.460825842229596,2.53540526390432,-0.70672546671391,2.67086352679111,-1.24641871034448,4.43307242552574,127.145239573294,-157.075358404626,-127.145239573294,157.075358404626,-127.145239573294,157.075358404626,-72.7440133344523,150.76377659338,-54.4012262388421,6.31158181124662,-54.4012262388421,6.31158181124662,-54.4012262388421,106.311581811247,93.7646505242379
1.26019071118331,-0.0703182535812885,0.371410884925676,1.03164382400462,0.49028300140553,2.5331412165843,-0.675876366841311,2.68010151003165,-1.19356816938701,4.44889889740449,120.286279181342,-149.138081441248,-120.286279181342,149.138081441248,-120.286279181342,149.138081441248,-68.2242083148664,142.577179543666,-52.0620708664754,6.56090189758188,-52.0620708664754,6.56090189758188,-52.0620708664754,106.560901897582,87.6480555865601
1.26990364467872,-0.0726736844536601,0.382723634641135,1.0305767992488,0.518988971127995,2.53059571848686,-0.645707404359827,2.68873285177797,-1.14188283678876,4.46368607376833,113.770867247717,-141.479477560562,-113.770867247717,141.479477560562,-113.770867247717,141.479477560562,-63.9902912106102,134.720499208979,-49.780576037107,6.75897835158215,-49.780576037107,6.75897835158215,-49.780576037107,106.758978351582,81.8529831049099
1.27965620678424,-0.0748592425194409,0.393744435213303,1.02940989722505,0.546955932542297,2.52779277122162,-0.616214330617861,2.69678963184314,-1.09135543377867,4.47748891361059,107.578467894302,-134.094145725164,-107.578467894302,134.094145725164,-107.578467894302,134.094145725164,-60.021901048003,127.184658134649,-47.556566846299,6.90948759051567,-47.556566846299,6.90948759051567,-47.556566846299,106.909487590516,76.3661976912992
1.28944542677496,-0.076874262036472,0.404478296251113,1.02815206248815,0.574196463754552,2.52475513064592,-0.587391978684537,2.70430259064447,-1.04197710839369,4.49036008127777,101.689730505846,-126.976274334909,-101.689730505846,126.976274334909,-101.689730505846,126.976274334909,-56.3000075412172,119.96035615719,-45.3897229646288,7.01591817771912,-45.3897229646288,7.01591817771912,-45.3897229646288,107.015918177719,71.1746501034611
1.29926832275966,-0.0787181292102884,0.414930347227869,1.02681176411342,0.600723453616349,2.52150434843253,-0.559234379114284,2.711301151058,-0.993737633806189,4.50234998391046,96.0864441987642,-120.119727235547,-96.0864441987642,120.119727235547,-96.0864441987642,120.119727235547,-52.8068468030804,113.038151532678,-43.2795973956838,7.08157570286956,-43.2795973956838,7.08157570286956,-43.2795973956838,107.08157570287,66.2655321602853
1.30912190258905,-0.0803902823810874,0.425105806948766,1.02539701301026,0.626550024044006,2.51806081554547,-0.531734866168329,2.71781344532992,-0.946625590302075,4.51350681754795,90.751490087315,-113.518119490464,-90.751490087315,113.518119490464,-90.751490087315,113.518119490464,-49.5258565413171,106.408531180257,-41.2256335459979,7.10958831020687,-41.2256335459979,7.10958831020687,-41.2256335459979,107.109588310207,61.6263213279338
1.31900316476727,-0.0818902121948143,0.435009956144861,1.02391537971972,0.65168946026006,2.51444380698852,-0.504886175022519,2.72386634605893,-0.900628531816864,4.52387662020707,85.6687922482156,-107.164883843702,-85.6687922482156,107.164883843702,-85.6687922482156,107.164883843702,-46.4416115363651,100.061971129098,-39.2271807118506,7.10291271460392,-39.2271807118506,7.10291271460392,-39.2271807118506,107.102912714604,57.2448162554877
1.32890909936613,-0.083217461758318,0.44464811295813,1.02237401248375,0.676155148363172,2.51067152728311,-0.478680530499523,2.72948550038753,-0.855733137951268,4.53350333045846,80.8232681278863,-101.053328752584,-80.8232681278863,101.053328752584,-80.8232681278863,101.053328752584,-43.5397600389512,93.9889881840234,-37.2835080889351,7.06434056856014,-37.2835080889351,7.06434056856014,-37.2835080889351,107.06434056856,53.109164419711
1.338836688942,-0.0843716267785239,0.454025611091471,1.02077965540549,0.699960519655383,2.50676115621553,-0.453109727863169,2.73469536665246,-0.811925352387698,4.54242885021608,76.2007790005299,-95.1766888141091,-76.2007790005299,95.1766888141091,-76.2007790005299,95.1766888141091,-40.8069615904689,88.1801837502829,-35.393817410061,6.99650506382625,-35.393817410061,6.99650506382625,-35.393817410061,106.996505063826,49.20788292473
1.34878290945492,-0.0853523556855863,0.463147780407863,1.01913866654945,0.723119001181703,2.50272889446596,-0.428165206205125,2.73951925284586,-0.769190508616005,4.55069311062859,71.7880809680282,-89.5281683530145,-71.7880809680282,89.5281683530145,-71.7880809680282,89.5281683530145,-38.2308266543032,82.6262806833935,-33.557254313725,6.90188766962097,-33.557254313725,6.90188766962097,-33.5572543137249,106.901887669621,45.5298733951336
1.35874473118978,-0.0861593497399796,0.472019929774086,1.01745703585526,0.745643971964837,2.49859000879699,-0.403838114941245,2.7439793563287,-0.727513443854716,4.55833414011625,67.572776892213,-84.1009788824636,-67.572776892213,84.1009788824636,-67.572776892213,84.1009788824636,-35.7998583492469,77.3181539570034,-31.7729185429661,6.78282492546025,-31.7729185429661,6.78282492546025,-31.7729185429661,106.78282492546,42.0644318008801
1.36871911967916,-0.0867923631234971,0.480647331956009,1.01574040276159,0.76754872444716,2.49435887653589,-0.380119373917665,2.748096804319,-0.686878602024541,4.56538813373519,63.543269564492,-78.8883710920915,-63.543269564492,78.8883710920915,-63.543269564492,78.8883710920915,-33.5033964947982,72.2468558714177,-30.0398730696938,6.64151522067379,-30.0398730696938,6.64151522067379,-30.0398730696938,106.641515220674,38.8012539597122
1.37870303662771,-0.0872512030141303,0.489035210384346,1.01399407345584,0.788846430681748,2.49004902913458,-0.356999727606531,2.75189169474886,-0.64727012659625,4.57188952317348,59.68871634534,-73.8836619633818,-59.68871634534,73.8836619633818,-59.68871634534,73.8836619633818,-31.3315641104245,67.403636458464,-28.3571522349155,6.48002550491786,-28.3571522349155,6.48002550491786,-28.3571522349155,106.480025504918,35.7304373776349
1.38869344083761,-0.0875357296448035,0.497188727621547,1.01222303768262,0.809550112844027,2.48567319463463,-0.334469793848906,2.7553831371475,-0.608671944096797,4.57787104679174,55.998985445185,-69.0802575598468,-55.998985445185,69.0802575598468,-55.998985445185,69.0802575598468,-29.2752164549951,62.7799596752525,-26.7237689901899,6.30029788459427,-26.7237689901899,6.30029788459427,-26.7237689901899,106.300297884594,32.8424800102811
1.39868728913496,-0.0876458563459487,0.505112975372207,1.01043198505848,0.829672617665028,2.48124333890192,-0.312520107578577,2.75858929326323,-0.571067839016766,4.58336381921655,52.4646139672045,-64.471671989578,-52.4646139672045,64.471671989578,-52.4646139672045,64.471671989578,-27.3258926468579,58.3675159203581,-25.1387213203465,6.10415606921982,-25.1387213203465,6.10415606921982,-25.1387213203465,106.10415606922,30.1282764574172
1.40868153729676,-0.0875815495719059,0.512812965890707,1.00862532085305,0.849226594415792,2.47677070552808,-0.291141159936092,2.76152741718637,-0.534441520820352,4.58839740007885,49.0767677902328,-60.0515429908067,-49.0767677902328,60.0515429908067,-49.0767677902328,60.0515429908067,-25.4757698680452,54.1582313511805,-23.6009979221877,5.89331163962614,-23.6009979221877,5.89331163962614,-23.6009979221877,105.893311639626,27.5791120391092
1.4186731409782,-0.0873428289111416,0.520293624650748,1.00680718120779,0.868224476100113,2.47226585432338,-0.270323433157544,2.76421389477753,-0.498776683716684,4.59299986156232,45.8272033351159,-55.8136445472594,-45.8272033351159,55.8136445472594,-45.8272033351159,55.8136445472594,-23.7176201265114,50.1442744307057,-22.1095832086045,5.66937011655372,-22.1095832086045,5.66937011655372,-22.1095832086045,105.669370116554,25.1866551447681
1.42865905664001,-0.0869297670802814,0.527559784151967,1.00498144777261,0.886678463539373,2.46773869834943,-0.250057431598011,2.76666428224316,-0.464057059809033,4.59719785449076,42.7082312294041,-51.7518968993907,-42.7082312294041,51.7518968993907,-42.7082312294041,51.7518968993907,-22.0447695270246,46.3180600855167,-20.6634617023796,5.43383681387404,-20.6634617023796,5.43383681387404,-20.6634617023796,105.433836813874,22.9429481949765
1.43863624247553,-0.0863424899019606,0.534616178748782,1.00315176174854,0.904600512058318,2.46319853945996,-0.230333709225416,2.76889334373226,-0.430266466197177,4.60101667273871,39.7126818623194,-47.8603742800335,-39.7126818623194,47.8603742800335,-39.7126818623194,47.8603742800335,-20.4510599833489,42.6722518145756,-19.2616218789706,5.18812246545784,-19.2616218789706,5.18812246545784,-19.2616218789706,105.188122465458,20.8403975102489
1.44860165933732,-0.0855811762664965,0.541467440396057,1.0013215373311,0.922002320504543,2.45865410233499,-0.211142893897068,2.77091508785628,-0.397388846567861,4.60448031579712,36.8338728036283,-44.1333106685113,-36.8338728036283,44.1333106685113,-36.8338728036283,44.1333106685113,-18.9308132908233,39.1997620497961,-17.903059512805,4.93354861871519,-17.903059512805,4.93354861871519,-17.903059512805,104.933548618715,18.8717623402055
1.45855227166287,-0.0846460580773978,0.54811809521507,0.999493974554837,0.938895322356878,2.45411356700757,-0.192475708708517,2.77274280305792,-0.365408307769565,4.60761154936703,34.0655780456928,-40.565103825725,-34.0655780456928,40.565103825725,-34.0655780456928,40.565103825725,-17.4787974685975,35.8937510345565,-16.5867805770952,4.67135279116852,-16.5867805770952,4.67135279116852,-16.5867805770952,104.671352791169,17.0301432706206
1.46848504839925,-0.0835374201807234,0.554572560791569,0.997672071543586,0.955290678698924,2.44958459989396,-0.174322990682678,2.77438909177521,-0.334309151830623,4.61043196388935,31.4019990169337,-37.1503178440001,-31.4019990169337,37.1503178440001,-31.4019990169337,37.1503178440001,-16.0901952740121,32.7476244548279,-15.3118037429216,4.40269338917225,-15.3118037429216,4.40269338917225,-15.3118037429216,104.402693389172,15.3089701940112
1.47839696392646,-0.0822556002783162,0.560835144125493,0.9958586361751,0.971199272853596,2.44507438334776,-0.156675707046612,2.77586590336469,-0.304075903844531,4.61296203094864,28.8377373066833,-33.8836844194138,-28.8377373066833,33.8836844194138,-28.8377373066833,33.8836844194138,-14.760574787345,29.755030029271,-14.0771625193383,4.12865439014278,-14.0771625193383,4.12865439014278,-14.0771625193383,104.128654390143,13.7019900014466
1.48828499897902,-0.0808009888249359,0.566910040159131,0.994056297171515,0.986631706492844,2.44058964376607,-0.139524969323818,2.77718456576218,-0.274693336112809,4.61522115751426,26.3677690354551,-30.760103030726,-26.3677690354551,30.760103030726,-26.3677690354551,30.760103030726,-13.4858619629277,26.9098532392446,-12.8819070725274,3.8502497914814,-12.8819070725274,3.8502497914814,-12.8819070725274,103.850249791481,12.203254128706
1.49814614156564,-0.0791740289093225,0.57280133081721,0.992267514629544,1.00159829705364,2.436136678282,-0.122862045451589,2.77835581587226,-0.246146488904386,4.61722773800347,23.9874208006326,-27.7746401877574,-23.9874208006326,27.7746401877574,-23.9874208006326,27.7746401877574,-12.2623150420647,24.206212356935,-11.7251057585679,3.56842783082237,-11.7251057585679,3.56842783082237,-11.7251057585679,103.568427830822,10.8071060684338
1.50797738788679,-0.0773752161192265,0.578512984498579,0.99049459000613,1.01610907630704,2.43172138008254,-0.106678370115679,2.77938982868776,-0.218420688160924,4.61899920416884,21.692347125112,-24.9225278928968,-21.692347125112,24.9225278928968,-21.692347125112,24.9225278928968,-11.0865007239332,21.6384529095229,-10.6058464011787,3.28407498337386,-10.6058464011787,3.28407498337386,-10.6058464011787,103.284074983374,9.50816894120756
1.51777574324958,-0.0754050983904496,0.584048855964874,0.98873967557671,1.03017378994148,2.42734926239461,-0.090965553478527,2.78029624514948,-0.191501560449953,4.62055207282731,19.4785093352615,-22.1991614422354,-19.4785093352615,22.1991614422354,-19.4785093352615,22.1991614422354,-9.95527199241847,19.2011416992464,-9.52323734284307,2.99801974298903,-9.52323734284307,2.99801974298903,-9.52323734284307,102.998019742989,8.30133320214988
1.52753822298006,-0.0732642758399369,0.589412686576804,0.987004783384234,1.04380189803501,2.42302548118437,-0.0757153884621585,2.78108419876296,-0.165375045441921,4.62190199146007,17.342155794407,-19.6000966774143,-17.342155794407,19.6000966774143,-17.342155794407,19.6000966774143,-8.86574749940736,16.8890604831664,-8.47640829499968,2.71103619424795,-8.47640829499968,2.71103619424795,-8.47640829499968,102.711036194248,7.18174454559325
1.53726185333233,-0.0709534005829758,0.594608104833521,0.98529179369776,1.05700257630308,2.4187548566172,-0.0609198567330309,2.78176234099545,-0.140027406163397,4.6230637817224,15.2798034187302,-17.1210467855139,-15.2798034187302,17.1210467855139,-15.2798034187302,17.1210467855139,-7.81529240823721,14.6971994022266,-7.46451101049298,2.42384738328736,-7.46451101049298,2.42384738328736,-7.46451101049298,102.423847383287,6.14479205811331
1.54694367239439,-0.0684731765345559,0.599638627174954,0.983602462999889,1.06978471801996,2.4145418933264,-0.0465711335230957,2.7823388654803,-0.115445237256497,4.62405148091054,13.2882204037934,-14.7578787320374,-13.2882204037934,14.7578787320374,-13.2882204037934,14.7578787320374,-6.80150060460051,12.6207502366243,-6.48671979919286,2.13712849541314,-6.48671979919286,2.13712849541314,-6.48671979919286,102.137128495413,5.18609665974224
1.55658073099036,-0.0658243591949481,0.604507659011051,0.981938431522438,1.08215693652206,2.41039079953938,-0.0326615914093763,2.78282153105972,-0.0916154714540364,4.62487838143858,11.3644100917181,-12.5066094011051,-11.3644100917181,12.5066094011051,-11.3644100917181,12.5066094011051,-5.82217818611249,10.6550995534082,-5.54223190560565,1.85150984769694,-5.54223190560565,1.85150984769694,-5.54223190560565,101.851509847697,4.30149986416333
1.56617009357884,-0.0630077554195744,0.609218495945538,0.980301230349778,1.0941275682107,2.40630550511018,-0.0191838031633409,2.7832176836999,-0.0685253844610648,4.62555706838314,9.50559591125152,-10.3634015072739,-9.50559591125152,10.3634015072739,-9.50559591125152,10.3634015072739,-4.87532814585126,8.79582180245439,-4.63026776540026,1.56757970481953,-4.63026776540026,1.56757970481953,-4.63026776540026,101.56757970482,3.48705288099164
1.57570883914709,-0.0600242231732295,0.613774325165216,0.978692288109063,1.10570467598056,2.40228967850661,-0.00613054377111761,2.78353427731392,-0.0461625984158901,4.62609945515728,7.70920732541894,-8.32455933477604,-7.70920732541894,8.32455933477604,-7.70920732541894,8.32455933477604,-3.95913616937889,7.03867240838179,-3.75007115604004,1.28588692639426,-3.75007115604004,1.28588692639426,-3.75007115604004,101.285886926394,2.73900607669326
1.58519406210081,-0.0568746712687378,0.61817822696884,0.977112937266309,1.11689605300775,2.39834674279974,0.00650520828375591,2.78377789352985,-0.0245150840876788,4.62651681737696,5.97286672412767,-6.38652435235098,-5.97286672412767,6.38652435235098,-5.97286672412767,6.38652435235098,-3.07195746898818,5.37958089844491,-2.90090925513949,1.00694345390607,-2.90090925513949,1.00694345390607,-2.90090925513949,101.006943453906,2.05379880515106
1.59462287314919,-0.0535600590901198,0.622433176412461,0.975564420046852,1.12770922683859,2.39447989070244,0.0187302703919688,2.78395476044188,-0.00357116195296567,4.6268198249855,4.29437720186702,-4.54587074510611,-4.29437720186702,4.54587074510611,-4.29437720186702,4.54587074510611,-2.2123045831283,3.81464409985972,-2.08207261873872,0.731226645246395,-2.08207261873872,0.731226645246395,-2.08207261873872,100.731226645246,1.42804961421536
1.60399240018506,-0.0500813963003547,0.626542045050619,0.974047893998262,1.13815146372655,2.39069209870249,0.0305512557693327,2.78407077038301,0.0166804977202205,4.62701857270166,2.6717111634918,-2.79930089889159,-2.6717111634918,2.79930089889159,-2.6717111634918,2.79930089889159,-1.37883607309956,2.34011943426787,-1.29287509039224,0.459181464623721,-1.29287509039224,0.459181464623721,-1.29287509039224,100.459181464624,0.858546830667339
1.61329978915972,-0.0464397425338265,0.630507602755075,0.972564437213235,1.14822977317062,2.38698614033442,0.0419745739189848,2.7841314967579,0.0362508756642015,4.62712260885754,1.10299970395029,-1.14364086745227,-1.10299970395029,1.14364086745227,-1.10299970395029,1.14364086745227,-0.570346053147445,0.952418332054044,-0.532653650802845,0.191222535398225,-0.532653650802845,0.191222535398225,-0.532653650802845,100.191222535398,0.342239522780223
1.62254220495231,-0.0426362070735502,0.634332519594896,0.971115053229387,1.15795091261393,2.3833645986328,0.0530064315436697,2.78414220997401,0.055150605174567,4.62714096269183,-0.413477289345187,0.42416415199242,0.413477289345187,-0.42416415199242,0.413477289345187,-0.42416415199242,0.214245506012878,-0.351900215120379,0.199231783332309,-0.0722639368720411,0.199231783332309,-0.0722639368720411,0.199231783332309,99.927736063128,-0.123771163015026
1.63171683223347,-0.0386719485132724,0.638019367763523,0.969700675622273,1.16732139226592,2.37982987780825,0.0636528338528636,2.78410789250909,0.0733899743495333,4.62708217016327,-1.87930035999454,1.90705431311271,1.87930035999454,-1.90705431311271,1.87930035999454,-1.90705431311271,0.975901756447121,-1.57613594895199,0.90339860354742,-0.330918364160715,0.90339860354742,-0.330918364160715,0.90339860354742,99.6690816358393,-0.542240297028388
1.64082087632283,-0.0345481744045535,0.641570623540248,0.968322172307296,1.17634748001574,2.37638421418549,0.0739195862151129,2.784033253152,0.0909789289207231,4.62695429834803,-3.29591907769565,3.30785956668857,3.29591907769565,-3.30785956668857,3.29591907769565,-3.30785956668857,1.71547728763959,-2.72345347493254,1.58044179005605,-0.584406091756029,1.58044179005605,-0.584406091756029,1.58044179005605,99.415593908244,-0.915787100199115
1.64985156404038,-0.0302661408889349,0.644988669274982,0.966980349565509,1.18503520640886,2.3730296864416,0.0838122961109781,2.7839227404533,0.10792707559894,4.62676496848321,-4.66466004804495,4.62930404367446,4.66466004804495,-4.62930404367446,4.66466004804495,-4.62930404367446,2.43372582569844,-3.79688822000511,2.23093422234651,-0.832415823669348,2.23093422234651,-0.832415823669348,2.23093422234651,99.1675841763306,-1.24690252578439
1.65880614455116,-0.0258271523153062,0.648275795386667,0.965675955807654,1.19339036966183,2.36976822518058,0.0933363753466129,2.78378055542103,0.124243685866463,4.62652137771711,-5.98673437760625,5.87401036278719,5.98673437760625,-5.87401036278719,5.98673437760625,-5.87401036278719,3.13130736305485,-4.79935221124629,2.8554270145514,-1.07465815154089,2.8554270145514,-1.07465815154089,2.8554270145514,98.9253418484591,-1.53795649873425
1.66768189020319,-0.0212325608425884,0.651434202366869,0.964409685090145,1.2014185406938,2.36660162187879,0.102497042492217,2.78361066349587,0.139937700154592,4.6262303196251,-7.2632446323506,7.0445038526296,7.2632446323506,-7.0445038526296,7.2632446323506,-7.0445038526296,3.80879476150193,-5.73363967141708,3.45444987084867,-1.31086418121252,3.45444987084867,-1.31086418121252,3.45444987084867,98.6891358187875,-1.79120482344545
1.67647609735838,-0.0164837660278532,0.654466002781291,0.96318218039599,1.20912506815602,2.36353153723436,0.111299325513421,2.78341680583904,0.155017732351725,4.62589820354799,-8.49519132522784,8.14321668038396,8.49519132522784,-8.14321668038396,8.49519132522784,-8.14321668038396,4.46667986851075,-6.60243242895165,4.02851145671708,-1.54078425143231,4.02851145671708,-1.54078425143231,4.02851145671708,98.4592157485677,-2.00879577116617
1.68518608721603,-0.0115822144000036,0.657373223262895,0.961994036693076,1.21651508344334,2.36055950895169,0.119748064567167,2.78320250996493,0.169492074593249,4.62553107280776,-9.68347896640523,9.17249188085797,9.68347896640523,-9.17249188085797,9.68347896640523,-9.17249188085797,5.10537918402539,-7.40830514141193,4.57809978237984,-1.76418673944604,4.57809978237984,-1.76418673944604,4.57809978237984,98.235813260554,-2.19277635871068
1.69380920662885,-0.00652939901914784,0.660157806491302,0.960845803781546,1.22359350567375,2.35768695899097,0.127847914936802,2.78297109974928,0.18336870228993,4.62513462185357,-10.8289217075935,10.1345872811685,10.8289217075935,-10.1345872811685,10.8289217075935,-10.1345872811685,5.72523911236705,-8.1537303326553,5.10368259522641,-1.98085694851323,5.10368259522641,-1.98085694851323,5.10368259522641,98.0191430514868,-2.34509833036784
1.70234282891114,-0.00132685902179863,0.6628216131539,0.959737988941431,1.23036504662453,2.35491520031079,0.135603350084001,2.78272570484254,0.196655279356449,4.6247142123887,-11.9322486098813,11.031679317638,11.9322486098813,-11.031679317638,11.9322486098813,-11.031679317638,6.32654083146782,-8.84108324497764,5.60570777841352,-2.19059607266035,5.60570777841352,-2.19059607266035,5.60570777841352,97.8094039273396,-2.46762385497561
1.71078435463888,0.00402382084796293,0.665366423884885,0.958671059391095,1.23683421561496,2.35224544313068,0.14301866479774,2.78246926951692,0.209359163606215,4.6242748885272,-12.9941085626137,11.8658667425783,12.9941085626137,-11.8658667425783,12.9941085626137,-11.8658667425783,6.90950480939885,-9.47264650832907,6.08460375321488,-2.3932202342492,6.08460375321488,-2.3932202342492,6.08460375321488,97.6067797657508,-2.56213095010954
1.71913121244157,0.00952101072121481,0.667793941179089,0.957645444566459,1.24300532432777,2.34967880073871,0.15009797842293,2.78220456097414,0.221487412282644,4.62382139102679,-14.0150748790674,12.6391742195706,14.0150748790674,-12.6391742195706,14.0150748790674,-12.6391742195706,7.47429499604869,-10.0506146293768,6.54077988301867,-2.58855959019381,6.54077988301867,-2.58855959019381,6.54077988301867,97.4114404098062,-2.63031864521367
1.72738085978545,0.0151630361006694,0.670105791278033,0.956661538230461,1.24888249156247,2.34721629486821,0.156845238153464,2.78193417714006,0.233046787700791,4.62335817064253,-14.995649593007,13.3535558066366,14.995649593007,-13.3535558066366,14.995649593007,-13.3535558066366,8.02102271583956,-10.5770983037322,6.97462687716745,-2.77645750290445,6.97462687716745,-2.77645750290445,6.97462687716745,97.2235424970956,-2.67381189530699
1.73553078374803,0.0209481783707406,0.67230352602622,0.955719700421645,1.2544696479155,2.344858860666,0.163264222376406,2.78166055397093,0.2440437629766,4.62288940064383,-15.9362674786356,14.0108983273567,15.9362674786356,-14.0108983273567,15.9362674786356,-14.0108983273567,8.54975028553428,-11.0541285550852,7.38651719310129,-2.95676977227144,7.38651719310129,-2.95676977227144,7.38651719310129,97.0432302277286,-2.69416625664004
1.74357850178352,0.0268746753210513,0.674388624696103,0.9548202592503,1.25977054038316,2.34260735127362,0.169358544055778,2.7813859722949,0.254484527823996,4.62241898853537,-16.8372998149737,14.6130246305355,16.8372998149737,-14.6130246305355,16.8372998149737,-14.6130246305355,9.06049437947462,-11.4836607053109,7.7768054354991,-3.12936392522461,7.7768054354991,-3.12936392522461,7.7768054354991,96.8706360747754,-2.69287233536659
1.75152156247905,0.0329407216832187,0.676362495780621,0.953963512550072,1.26478873688427,2.34046254204149,0.175131654146062,2.78111256421154,0.264374994402878,4.62195058702066,-17.6990579143302,15.1616967394675,17.6990579143302,-15.1616967394675,17.6990579143302,-15.1616967394675,9.55322916300169,-11.8675781798502,8.14582875132851,-3.2941185596173,8.14582875132851,-3.2941185596173,8.14582875132851,96.7058814403827,-2.67136001994793
1.75935754630138,0.0391444696807578,0.678226478752566,0.95314972939252,1.26952763070066,2.33842513439502,0.180586845026942,2.78084231907064,0.273720803203505,4.62148760424493,-18.5217964332276,15.6586188922152,18.5217964332276,-15.6586188922152,18.5217964332276,-15.6586188922152,10.0278892133257,-12.2076961528305,8.49390721990192,-3.45092273938469,8.49390721990192,-3.45092273938469,8.49390721990192,96.5490772606153,-2.63100250762688
1.76708406633393,0.0454840295919317,0.679981845790378,0.952379151471676,1.27399044483445,2.33649575937063,0.185727253952128,2.78057708905094,0.282527328955005,4.62103321335258,-19.3057164829393,16.1054404746012,19.3057164829393,-16.1054404746012,19.3057164829393,-16.1054404746012,10.484372245733,-12.5057650364839,8.82134423720623,-3.59967543811733,8.82134423720623,-3.59967543811733,8.82134423720623,96.4003245618827,-2.57312013490639
1.77469876900386,0.0519574703253787,0.681629803470253,0.951651994365232,1.27818023628148,2.33467498083825,0.190555866506294,2.7803185943582,0.290799686547791,4.62059036139248,-20.0509685556645,16.5037588478419,20.0509685556645,-16.5037588478419,20.0509685556645,-16.5037588478419,10.9225416617388,-12.7634738194708,9.12842689392568,-3.74028502837115,9.12842689392568,-3.74028502837115,9.12842689392568,96.2597149716289,-2.49898402154837
1.78219933479895,0.0585628200083421,0.683171494424739,0.950968448678618,1.28209990022163,2.33296329842647,0.195075520065239,2.78006842806112,0.298542736961484,4.62016177760287,-20.7576552813093,16.8551220729133,20.7576552813093,-16.8551220729133,20.7576552813093,-16.8551220729133,11.342228934597,-12.9824532587082,9.41542634671227,-3.87266881420511,9.41542634671227,-3.87266881420511,9.41542634671227,96.1273311857949,-2.40981953717784
1.78958347897422,0.0652980665873203,0.684607998968218,0.950328681077858,1.2857521741265,2.33136115016512,0.199288907255313,2.77982806058282,0.305761093191595,4.61974998110607,-21.4258340288535,17.161031533863,21.4258340288535,-17.161031533863,21.4258340288535,-17.161031533863,11.7432358464746,-13.164278929265,9.68259818237888,-3.99675260459799,9.68259818237888,-3.99675260459799,9.68259818237888,96.003247395402,-2.30680959914029
1.79684895224782,0.07216115844096,0.685940336689855,0.949732835216762,1.28913964178629,2.32986891485934,0.203198579409044,2.7795988438645,0.312459126169684,4.61935728804177,-22.0555193653584,17.4229444623556,22.0555193653584,-17.4229444623556,22.0555193653584,-17.4229444623556,12.1253365905601,-13.3104741368096,9.93018277479832,-4.11247032554598,9.93018277479832,-4.11247032554598,9.93018277479832,95.887529674454,-2.1910978098198
1.80399354148619,0.0791500050049981,0.687169468014832,0.94918103256369,1.29226473725753,2.32848691420855,0.206806950014657,2.77938201521742,0.318640970673065,4.61898581816614,-22.646685384806,17.6422763657829,22.646685384806,-17.6422763657829,22.646685384806,-17.6422763657829,12.4882797504188,-13.4225126969989,10.1584056343873,-4.219763668784,10.1584056343873,-4.219763668784,10.1584056343873,95.780236331216,-2.06379144118609
1.81101507037826,0.0862624774090694,0.688296295734785,0.948673373132825,1.29512974873415,2.32721541468283,0.210116298157892,2.77917870087829,0.324310531221311,4.61863750094288,-23.1992679181496,17.8204033612782,23.1992679181496,-17.8204033612782,23.1992679181496,-17.8204033612782,12.8317901680087,-13.5018215860723,10.3674777501409,-4.31858177520593,10.3674777501409,-4.31858177520593,10.3674777501409,95.6814182247941,-1.92596427390145
1.8179114000983,0.0934964091251785,0.689321666508552,0.94820993612462,1.29773682234448,2.32605462916848,0.213128771955127,2.77898991928243,0.329471487957863,4.61831408115089,-23.7131666351982,17.9586644179623,23.7131666351982,-17.9586644179623,23.7131666351982,-17.9586644179623,13.1555707109383,-13.5497834667801,10.5575959242599,-4.40888095118222,10.5575959242599,-4.40888095118222,10.5575959242599,95.5911190488178,-1.77865929788698
1.82468042995747,0.100849596627649,0.690246372334432,0.94779078047983,1.30008796587724,2.32500471839404,0.215846391977392,2.77881658406876,0.334127302516041,4.61801712403229,-24.1882470482457,18.0583635097083,24.1882470482457,-18.0583635097083,24.1882470482457,-18.0583635097083,13.4593039487652,-13.5677390936196,10.7289430994804,-4.49062441608875,10.7289430994804,-4.49062441608875,10.7289430994804,95.5093755839113,-1.62289128082247
1.8313200980437,0.108319800064334,0.691071151995264,0.947415945351292,1.30218505243983,2.32406579214728,0.218271054665335,2.77865950682943,0.338281223869547,4.61774802000317,-24.6243424266867,18.1207716806618,24.6243424266867,-18.1207716806618,24.6243424266867,-18.1207716806618,13.7426537474082,-13.5569896011936,10.8816886792785,-4.56378207946815,10.8816886792785,-4.56378207946815,10.8816886792785,95.4362179205318,-1.45964921063812
1.83782838184978,0.115904743938904,0.691796692477749,0.947085450497408,1.30402982405228,2.32323791029336,0.22040453573564,2.7785193996169,0.341936294168316,4.61750798894862,-25.0212556312324,18.1471290256769,25.0212556312324,-18.1471290256769,25.0212556312324,-18.1471290256769,14.0052667900579,-13.5187986793331,11.0159888411745,-4.62833034634382,11.0159888411745,-4.62833034634382,11.0159888411745,95.3716696536562,-1.28989861764862
1.8442032988894,0.123602117803976,0.692423630367475,0.946799296601083,1.3056238951808,2.32252108360341,0.222248493579785,2.77839687722032,0.345095354561271,4.61729808412269,-25.3787608757488,18.1386465877567,25.3787608757488,-18.1386465877567,25.3787608757488,-18.1386465877567,14.2467740323365,-13.4543946384564,11.1319868434123,-4.68425194930035,11.1319868434123,-4.68425194930035,11.1319868434123,95.3157480506997,-1.11458378158439
1.85044290730109,0.131409576964904,0.692952553221214,0.946557465517671,1.3069687562145,2.32191527440294,0.223804472656375,2.7782924592227,0.347761051008037,4.6171191956727,-25.6966054241808,18.0965081744854,25.6966054241808,-18.0965081744854,25.6966054241808,-18.0965081744854,14.4667920988488,-13.364972368457,11.229813325332,-4.73153580602841,11.229813325332,-4.73153580602841,11.229813325332,95.2684641939716,-0.934629828388813
1.85654530643968,0.139324743193996,0.693384000918067,0.946359920455341,1.30806577688966,2.32142039704843,0.225073906878537,2.77820657184995,0.349935840082215,4.61697205380697,-25.974511229493,18.0218720953499,25.974511229493,-18.0218720953499,25.974511229493,-18.0218720953499,14.6649246277026,-13.2516951942386,11.3095866017904,-4.77017690111131,11.3095866017904,-4.77017690111131,11.3095866017904,95.2298230988887,-0.750944721277176
1.86250863745528,0.147345205454943,0.693718466991121,0.946206606091106,1.30891620966525,2.32103631824045,0.226058122998157,2.77813954962224,0.351621994769249,4.61685723162398,-26.2121765210611,17.9158728217414,26.2121765210611,-17.9158728217414,26.2121765210611,-17.9158728217414,14.8407635690393,-13.1156966308387,11.3714129520219,-4.80017619090276,11.3714129520219,-4.80017619090276,11.3714129520219,95.1998238090972,-0.564421150192052
1.86833108385948,0.155468520637244,0.693956399941279,0.946097448625608,1.3095211930543,2.32076285718135,0.226758343988928,2.77809163681788,0.35282161026224,4.61677514762024,-26.4092773464653,17.7796225713238,26.4092773464653,-17.7796225713238,26.4092773464653,-17.7796225713238,14.9938904431052,-12.9580820409123,11.4153869033601,-4.82154053041147,11.4153869033601,-4.82154053041147,11.4153869033601,95.1784594695885,-0.375938323441524
1.87401087207871,0.163692214300401,0.694098204534966,0.946032355779669,1.30988175491507,2.32059978558487,0.227175692430349,2.77806298875955,0.353536609759404,4.61672606789389,-26.5654690731853,17.6142128183469,26.5654690731853,-17.6142128183469,26.5654690731853,-17.6142128183469,15.123877562916,-12.7799301971781,11.4415915102693,-4.83428262116884,11.4415915102693,-4.83428262116884,11.4415915102693,95.1657173788312,-0.186363664971713
1.87954627199446,0.172013781427661,0.69414424308742,0.94601121673547,1.30999881570653,2.32054682754522,0.227311193894965,2.77805367293226,0.353768750267071,4.61671010805994,-26.6803878552587,17.4207157313776,26.6803878552587,-17.4207157313776,26.6803878552587,-17.4207157313776,15.2302892261018,-12.5822947522673,11.4500986291569,-4.83842097911027,11.4500986291569,-4.83842097911027,11.4500986291569,95.1615790208897,0.00344557959665473
1.8849355974703,0.180430687189064,0.694094836733304,0.946033902025143,1.30987319171242,2.32060365927256,0.22716578034124,2.77806366994225,0.353519628412344,4.61672723489306,-26.7536520695445,17.2001855398137,26.7536520695445,-17.2001855398137,26.7536520695445,-17.2001855398137,15.3126828800831,-12.3662056182628,11.4409691894614,-4.83397992155086,11.4409691894614,-4.83397992155086,11.4409691894614,95.1660200784491,0.192640825345479
1.89017720686546,0.188940367713578,0.693950266686334,0.946100263369491,1.3095055982381,2.32076990870185,0.226740293514541,2.77809287432559,0.352790686269651,4.61677726771296,-26.784863725835,16.953659830445,26.784863725835,-16.953659830445,26.784863725835,-16.953659830445,15.3706102643068,-12.132670258065,11.4142534615282,-4.82098957238001,11.4142534615282,-4.82098957238001,11.4142534615282,95.17901042762,0.380380716322136
1.89526950353497,0.197540230870081,0.693710775489664,0.946210133469452,1.30889665278471,2.32104515498175,0.226035488358751,2.77814109521537,0.351583217205497,4.61685987952727,-26.7736098546654,16.6821607752244,26.7736098546654,-16.6821607752244,26.7736098546654,-16.6821607752244,15.4036185328647,-11.882674890585,11.3699913218006,-4.79948588463935,11.3699913218006,-4.79948588463935,11.3699913218006,95.2005141153606,0.56582977743927
1.90021093631591,0.206227657056946,0.693376568258711,0.946363325752882,1.30804687820473,2.32142892785005,0.225052036441055,2.77820805687552,0.349898371745806,4.61697459794618,-26.7194638762963,16.3866962913192,26.7194638762963,-16.3866962913192,26.7194638762963,-16.3866962913192,15.411251360427,-11.6171856116361,11.3082125158693,-4.76951067968314,11.3082125158693,-4.76951067968314,11.3082125158693,95.2304893203169,0.748157148027832
1.905,0.215,0.692947813918104,0.946559634079202,1.30695670584329,2.32192070690219,0.223790529392455,2.77829339910986,0.347737163470185,4.61712080588321,-26.6219869539781,16.0682611344241,26.6219869539781,-16.0682611344241,26.6219869539781,-16.0682611344241,15.3930500340441,-11.3371494322734,11.228936919934,-4.73111170215072,11.228936919934,-4.73111170215072,11.228936919934,95.2688882978493,0.926535395310081
1.90963523579204,0.223854587558602,0.692424646434402,0.946798832404373,1.30562647866925,2.32251992075907,0.222251482366516,2.7783966775542,0.345100474937431,4.61729774205558,-26.4807293342475,15.7278379262341,26.4807293342475,-15.7278379262341,26.4807293342475,-15.7278379262341,15.3485545330049,-11.0434952362271,11.1321748012427,-4.68434269000694,11.1321748012427,-4.68434269000694,11.1321748012427,95.3156573099931,1.10013940629425
1.91411523175432,0.232788722539607,0.691807166046221,0.947080674408679,1.3040564544003,2.32322594614053,0.220435337518819,2.77851736385948,0.341989063646524,4.61750450129804,-26.2952316766632,15.3663981169038,26.2952316766632,-15.3663981169038,26.2952316766632,-15.3663981169038,15.2773045985834,-10.737134657975,11.0179270780798,-4.62926345892876,11.0179270780798,-4.62926345892876,11.0179270780798,95.3707365410712,1.26814535681289
1.91843862323665,0.241799683518952,0.691095440493318,0.947404893089755,1.30224680862586,2.32403810685068,0.218342467509497,2.77865484577382,0.338403568037151,4.61774003470339,-26.0650263750376,14.9849028832492,26.0650263750376,-14.9849028832492,26.0650263750376,-14.9849028832492,15.1788407951545,-10.4189628829155,10.8861855798831,-4.56594000033377,10.8861855798831,-4.56594000033377,10.8861855798831,95.4340599996662,1.4297297566307
1.92260409329212,0.250884725670631,0.690289506246199,0.947771200323303,1.30019763793178,2.32495567268124,0.215973179031185,2.77880842713108,0.33434451353377,4.61800314960287,-25.7896388719024,14.5843039633968,25.7896388719024,-14.5843039633968,25.7896388719024,-14.5843039633968,15.0527055638294,-10.0898593710341,10.736933308073,-4.49444459236274,10.736933308073,-4.49444459236274,10.736933308073,95.5055554076373,1.58406856973694
1.9266103730782,0.260041081602796,0.689389369737706,0.948179286393914,1.29790896303053,2.32597785823914,0.213327716364517,2.77897732775361,0.329812318636883,4.61829250939961,-25.4685889676024,14.1655444285288,25.4685889676024,-14.1655444285288,25.4685889676024,-14.1655444285288,14.8984442694214,-9.75068850539139,10.570144698181,-4.41485592313744,10.570144698181,-4.41485592313744,10.570144698181,95.5851440768626,1.73033640910858
1.93045624224324,0.269265962200731,0.688395008598028,0.948628819498452,1.29538073190038,2.32710382170456,0.210406264963255,2.77916068327674,0.324807301065047,4.61860663326789,-25.1013921251012,13.7295593923433,25.1013921251012,-13.7295593923433,25.1013921251012,-13.7295593923433,14.7156062412364,-9.40230016671896,10.3857858838647,-4.32725922562439,10.3857858838647,-4.32725922562439,10.3857858838647,95.6727407743756,1.86770580538704
1.93414052929826,0.278556557476443,0.687306372894504,0.949119445224445,1.29261282293715,2.32833266352565,0.207208955070917,2.77935754490251,0.319329683950883,4.61894389573126,-24.6875607712646,13.2772766588155,24.6875607712646,-13.2772766588155,24.6875607712646,-13.2772766588155,14.5037458078656,-9.04553023537545,10.183814963399,-4.23174642344004,10.183814963399,-4.23174642344004,10.183814963399,95.76825357656,1.99534654904972
1.93766211197371,0.287910037424609,0.68612338637749,0.949650786005945,1.28960504812165,2.32966342505622,0.203735865370626,2.77956687909012,0.313379602093966,4.6193025261322,-24.2266055950725,12.8096173088297,24.2266055950725,-12.8096173088297,24.2266055950725,-12.8096173088297,14.2624233258456,-8.68120102189622,9.96418226922687,-4.12841628693351,9.96418226922687,-4.12841628693351,9.96418226922687,95.8715837130665,2.1124251057788
1.94101991756141,0.297323552884629,0.684845947733543,0.950222440559364,1.28635715620591,2.33109508714272,0.199987026669689,2.77978756719052,0.306957108273236,4.61968060800614,-23.7180368429106,12.3274962262486,23.7180368429106,-12.3274962262486,23.7180368429106,-12.3274962262486,13.9912062017559,-8.31012162736502,9.7268306411547,-4.01737459888357,9.7268306411547,-4.01737459888357,9.7268306411547,95.9826254011164,2.21810410483464
1.94421292324124,0.306794236408503,0.68347393184705,0.950833983301791,1.28286883592119,2.33262656866689,0.195962425620238,2.78001840503262,0.300062179621187,4.62007607837249,-23.1613656107943,11.8318225639893,23.1613656107943,-11.8318225639893,23.1613656107943,-11.8318225639893,13.6896699070269,-7.9330882348463,9.47169570376735,-3.89873432914299,9.47169570376735,-3.89873432914299,9.47169570376735,96.101265670857,2.31154190032681
1.94724015639274,0.316319203134286,0.682007191071355,0.951484963754347,1.27913971921015,2.33425672505068,0.191662008476992,2.78025810246848,0.292694724061644,4.62048672695556,-22.5561051330793,11.3235001506929,22.5561051330793,-11.3235001506929,22.5561051330793,-11.3235001506929,13.3573989844461,-7.5508843331365,9.19870614863314,-3.77261581755645,9.19870614863314,-3.77261581755645,9.19870614863314,96.2273841824436,2.39189220534376
1.95010069489137,0.325895551664841,0.68044555651038,0.952174905933172,1.27516938448592,2.33598434672989,0.187085684893021,2.780505282885,0.284854586812644,4.62091019534786,-21.9017720669391,10.8034278386064,21.9017720669391,-10.8034278386064,21.9017720669391,-10.8034278386064,12.9939880450772,-7.16428087413376,8.90778402186191,-3.63914696447261,8.90778402186191,-3.63914696447261,8.90778402186191,96.3608530355274,2.45830379895336
1.95279366738939,0.335520364951638,0.678788839311591,0.952903307730643,1.27095735992004,2.33780815760315,0.182233331754041,2.78075848268939,0.276541556955344,4.62134397612874,-21.1978877715979,10.2724997933281,21.1978877715979,-10.2724997933281,21.1978877715979,-10.2724997933281,12.599042754034,-6.7740363651697,8.59884501756386,-3.4984634281584,8.59884501756386,-3.4984634281584,8.59884501756386,96.5015365718416,2.50992030611599
1.95531825358129,0.345190711183313,0.677036831971093,0.953669640289505,1.26650312676123,2.33972681346325,0.177104797051624,2.78101615077598,0.267755374069578,4.62178541195086,-20.4439795810525,9.73160572613025,20.4439795810525,-9.73160572613025,20.4439795810525,-9.73160572613025,12.172180803302,-6.38089689771591,8.27179877775053,-3.35070882841434,8.27179877775053,-3.35070882841434,8.27179877775053,96.6492911715857,2.5458800505665
1.95767368445366,0.354903644678724,0.675189309651539,0.954473347372592,1.2618061226868,2.34173890041727,0.17169990379531,2.78127664798181,0.258495734936077,4.6222316946075,-19.6395820687487,9.18163106962478,19.6395820687487,-9.18163106962478,19.6395820687487,-9.18163106962478,11.713032869548,-5.98559611394953,7.92654919920067,-3.19603495567525,7.92654919920067,-3.19603495567525,7.92654919920067,96.8039650443248,2.56531598071457
1.95985924251944,0.364656206784239,0.673246031513393,0.955313844730881,1.25686574518785,2.34384293330287,0.16601845396338,2.78153824653828,0.248762300304914,4.62267986409316,-18.7842383024304,8.62345709761892,18.7842383024304,-8.62345709761892,18.7842383024304,-8.62345709761892,11.2212435546307,-5.58885511275246,7.56299474779966,-3.03460198486646,7.56299474779966,-3.03460198486646,7.56299474779966,96.9653980151335,2.56735566858856
1.96187426203647,0.374445426774962,0.671206742060022,0.956190519472649,1.25168135498963,2.34603735410739,0.16006023249173,2.78179912952651,0.238554701729215,4.6231268076705,-17.8775010871445,8.05796099008803,17.8775010871445,-8.05796099008803,17.8775010871445,-8.05796099008803,10.6964723063019,-5.19138229681819,7.18102878084264,-2.86657869326984,7.18102878084264,-2.86657869326984,7.18102878084264,97.1334213067302,2.55112138180498
1.96371812921029,0.384268322759657,0.669071172496931,0.957102729436527,1.24625227950766,2.34832053039721,0.15382501129995,2.78205739034371,0.227872548462638,4.62356925895606,-16.9189341941605,7.48601584428916,16.9189341941605,-7.48601584428916,16.9189341941605,-7.48601584428916,10.1383943163884,-4.79387316265141,6.78053987777211,-2.69214268163775,6.78053987777211,-2.69214268163775,6.78053987777211,97.3078573183623,2.51573022848448
1.96539028238109,0.394121902589048,0.666839042105366,0.958049802571296,1.24057781634015,2.35069075376423,0.147312553353442,2.782311032188,0.216715434418561,4.62400379703773,-15.9081135733517,6.90849063314166,15.9081135733517,-6.90849063314166,15.9081135733517,-6.90849063314166,9.5467013935531,-4.39701003536621,6.36141217979858,-2.51148059777545,6.36141217979858,-2.51148059777545,6.36141217979858,97.4885194022246,2.46029437495552
1.96689021219481,0.404003164767268,0.66451005963037,0.959031036325276,1.23465723679705,2.35314623829708,0.140522616760022,2.78255796756915,0.205082945188369,4.62442684563654,-14.8446285463945,6.32625011211302,14.8446285463945,-6.32625011211302,14.8446285463945,-6.32625011211302,8.9211028075654,-4.00146175031876,5.92352573882908,-2.32478836179426,5.92352573882908,-2.32478836179426,5.92352573882908,97.6752116382057,2.38392133598979
1.96821746175832,0.413909099366132,0.662083924683244,0.960045697048211,1.22848978946535,2.35568511908402,0.133454958899166,2.78279601785258,0.192974665115655,4.62483467232536,-13.728082977962,5.74015467596899,13.728082977962,-5.74015467596899,13.728082977962,-5.74015467596899,8.26132610185941,-3.60788328374841,5.46675687610254,-2.13227139222058,5.46675687610254,-2.13227139222058,5.46675687610254,97.8677286077794,2.28571433719945
1.96937162677852,0.423836688942003,0.65956032915827,0.96109301940852,1.2220747038104,2.35830545075521,0.126109340581706,2.78302291284383,0.180390184422599,4.62522338781715,-12.5580964219334,5.15106016687355,12.5580964219334,-5.15106016687355,12.5580964219334,-5.15106016687355,7.56711787102938,-3.21691533474679,4.99097855090403,-1.93414483212676,4.99097855090403,-1.93414483212676,4.99097855090403,98.0658551678732,2.16477274909581
1.97035235568559,0.433782909454924,0.656938958663365,0.962172205828867,1.21541119381225,2.3610052060715,0.118485530237445,2.78323629042101,0.167329106384169,4.62558894533515,-11.3343052395001,4.55981763545666,11.3343052395001,-4.55981763545666,11.3343052395001,-4.55981763545666,6.83824449980095,-2.82918386102407,4.49606073969918,-1.73063377443259,4.49606073969918,-1.73063377443259,4.49606073969918,98.2693662255674,2.02019259216238
1.97115934973998,0.443744731189777,0.654219493964258,0.963282425942932,1.20849846163606,2.36378227456723,0.110583308127842,2.7834336962222,0.15379105454527,4.62592714007743,-10.056363685934,3.9672730566059,10.056363685934,-3.9672730566059,10.056363685934,-3.9672730566059,6.07449285993414,-2.44529957109761,3.98187082599984,-1.52197348550829,3.98187082599984,-1.52197348550829,3.98187082599984,98.4780265144917,1.85106711213539
1.9717923631235,0.453719119679158,0.651401612441611,0.964422816076322,1.20133570133487,2.36663446125445,0.102402470580547,2.78361258339501,0.139775679975339,4.62623360878779,-8.72394496268701,3.37426700187714,8.72394496268701,-3.37426700187714,8.72394496268701,-3.37426700187714,5.27567096144992,-2.06585737568446,3.44827400123708,-1.30840962619268,3.44827400123708,-1.30840962619268,3.44827400123708,98.6915903738073,1.65648742450954
1.97225120301413,0.463703036627709,0.648484989560392,0.96559247875451,1.19392210258321,2.36955948539581,0.0939428342422899,2.78377031241532,0.125282668554365,4.62650382944519,-7.33674223142535,2.78163427056442,7.33674223142535,-2.78163427056442,7.33674223142535,-2.78163427056442,4.44160855454092,-1.69143580123957,2.89513367688443,-1.09019846932484,2.89513367688443,-1.09019846932484,2.89513367688443,98.9098015306752,1.43554322710121
1.9725357296448,0.473693440837612,0.645469300350652,0.966790482240691,1.1862568544391,2.37255497935357,0.0852042403462606,2.78390415098193,0.110311748283755,4.62673312108338,-5.8944695865506,2.19020348161055,5.8944695865506,-2.19020348161055,5.8944695865506,-2.19020348161055,3.57215767851504,-1.3225963687387,2.32231190803556,-0.867607112871851,2.32231190803556,-0.867607112871851,2.32231190803556,99.1323928871281,1.18732357930325
1.97264585634595,0.483687289134964,0.642354220898758,0.968015860106407,1.17833914913213,2.37561848752178,0.0761865589898121,2.78401127399403,0.0948626966148698,4.62691664375218,-4.39686298274325,1.60079662868316,4.39686298274325,-1.60079662868316,4.39686298274325,-1.60079662868316,2.66719315414079,-0.959882940961638,1.72966982860246,-0.640913687721524,1.72966982860246,-0.640913687721524,1.72966982860246,99.3590863122785,0.910917746458456
1.97258154957191,0.493681537296763,0.639139429847966,0.969267610837744,1.17016818587476,2.37874746534885,0.0668896934180436,2.78408876361789,0.0789353477876433,4.62704939863178,-2.84368111407403,1.01422860088228,2.84368111407403,-1.01422860088228,2.84368111407403,-1.01422860088228,1.72661301581272,-0.603821041684857,1.1170680982613,-0.41040755919742,1.1170680982613,-0.41040755919742,1.1170680982613,99.5895924408026,0.605416107565256
1.97234282891114,0.503673140978202,0.635824609907113,0.970544697479878,1.16174317469358,2.38193927845748,0.0573135843084893,2.78413360944913,0.0625296001710907,4.62712622831078,-1.23470624125841,0.431306671680253,1.23470624125841,-0.431306671680253,1.23470624125841,-0.431306671680253,0.750338880028802,-0.254917150338288,0.484367361229604,-0.176389521341965,0.484367361229604,-0.176389521341965,0.484367361229604,99.823610478658,0.269911124307408
1.97192976708028,0.513659056640007,0.632409449366069,0.971846047322649,1.15306334027725,2.38519120186879,0.0474582140518703,2.78414270877678,0.0456454235970733,4.62714181723852,0.43025503630684,-0.147170041174053,-0.43025503630684,0.147170041174053,-0.43025503630684,0.147170041174053,-0.261683753222509,0.086342024178953,-0.168571283084331,0.0608280169951004,-0.168571283084331,0.0608280169951004,-0.168571283084331,100.060828016995,-0.0965016308250378
1.97134248990196,0.523636242475533,0.628893643616489,0.973170551629802,1.14412792583715,2.38850041933717,0.0373236110236367,2.78411286695503,0.0282828666782864,4.62709069236196,2.15137106698975,-0.720411141928953,-2.15137106698975,0.720411141928953,-2.15137106698975,0.720411141928953,-1.30948526942902,0.419490286697351,-0.841885797560731,0.300920855231602,-0.841885797560731,0.300920855231602,-0.841885797560731,100.300920855232,-0.494722389781866
1.9705811762665,0.533601659337324,0.625276896676243,0.974517065414441,1.13493619697677,2.39186402280249,0.0269098538407329,2.78404079788813,0.0104420641009301,4.62696722395649,3.92878449500685,-1.28763554631152,-3.92878449500685,1.28763554631152,-3.92878449500685,1.28763554631152,-2.39307178198053,0.744082712045803,-1.53571271302631,0.54355283426572,-1.53571271302631,0.54355283426572,-1.53571271302631,100.543552834266,-0.925646050253065
1.9696460580774,0.543552271662866,0.621558922715843,0.975884407263122,1.12548744556547,2.39527901196563,0.0162170755978289,2.7839231246341,-0.00787675611779796,4.62676562666005,5.76261167314615,-1.84807209113976,-5.76261167314615,1.84807209113976,-5.76261167314615,1.84807209113976,-3.51242505096163,1.05969641033719,-2.25018662218452,0.788375680802566,-2.25018662218452,0.788375680802566,-2.25018662218452,100.788375680803,-1.39016098593427
1.96853742018072,0.553485048399251,0.617739447585038,0.977271359210945,1.11578099361187,2.39874229399336,0.0052454680770529,2.78375638013191,-0.0266732654176068,4.62647996071911,7.65294214295832,-2.40096016089476,-7.65294214295832,2.40096016089476,-7.65294214295832,2.40096016089476,-4.66750248099931,1.3659312971244,-2.98543966195901,1.03502886377036,-2.98543966195901,1.03502886377036,-2.98543966195901,101.03502886377,-1.88914780888897
1.96725560027832,0.563396963926463,0.613818210337666,0.978676666669855,1.1058161971322,2.40225068335818,-0.006004714074939,2.78353700805725,-0.0459470275389758,4.62610413345462,9.59983818504787,-2.9455503280031,-9.59983818504787,2.9455503280031,-9.59983818504787,2.9455503280031,-5.85823720060717,1.66241086420324,-3.7416009844407,1.28313946379986,-3.7416009844407,1.28313946379986,-3.7416009844407,101.2831394638,-2.42347808735447
1.96580098882494,0.573284998979015,0.609794964752763,0.98009903841224,1.09559245000823,2.40580090181828,-0.0175331492088387,2.78326136381086,-0.0656974914337382,4.62563190095534,11.6033344418627,-3.48110500351111,-11.6033344418627,3.48110500351111,-11.6033344418627,3.48110500351111,-7.08453822518928,1.94878294677684,-4.51879621667347,1.53232205673427,-4.51879621667347,1.53232205673427,-4.51879621667347,101.532322056734,-2.99401302254304
1.96417402890932,0.583146141565643,0.605669480849829,0.981537146611781,1.08510918782964,2.40938957854273,-0.0293394445799702,2.78292571564374,-0.0859239842534583,4.62505687000543,13.6634376151401,-4.006899094785,-13.6634376151401,4.006899094785,-13.6634376151401,4.006899094785,-8.34629070557381,2.22472048265493,-5.31714690956633,1.78217861213007,-5.31714690956633,1.78217861213007,-5.31714690956633,101.78217861213,-3.60160208818684
1.96237521611923,0.592977387886786,0.601441546396088,0.982989626943347,1.07436589171527,2.41301325038613,-0.0414231323074928,2.7825262459226,-0.106625704426757,4.62437250025249,15.7801262398829,-4.52222066683379,-15.7801262398829,4.52222066683379,-15.7801262398829,4.52222066683379,-9.64335626361918,2.48992225913657,-6.13676997626374,2.03229840769722,-6.13676997626374,2.03229840769722,-6.13676997626374,102.032298407697,-4.24708163675577
1.96040509839045,0.602775743249578,0.597110968403505,0.984455078743576,1.06336209210745,2.41666836231722,-0.0537836653921533,2.78205905253884,-0.127801714836942,4.62357210662138,17.9533505364552,-5.02637160383772,-17.9533505364552,5.02637160383772,-17.9533505364552,5.02637160383772,-10.9755734160978,2.7441136432234,-6.97777712035739,2.28225796061432,-6.97777712035739,2.28225796061432,-6.97777712035739,102.282257960614,-4.93127347644687
1.95826427583994,0.612538222980058,0.592677574613268,0.985932065233601,1.05209737253376,2.42035126800477,-0.066420413799235,2.78152015046383,-0.149450936111334,4.62264886197875,20.1830323420681,-5.51866826746538,-20.1830323420681,5.51866826746538,-20.1830323420681,5.51866826746538,-12.3427580876991,2.98704729082769,-7.84027425436898,2.53162097663769,-7.84027425436898,2.53162097663769,-7.84027425436898,102.531620976638,-5.6549834231938
1.95595340058298,0.622261853332327,0.588141214965398,0.987419113805215,1.04057137333007,2.42405823056423,-0.0793326606133803,2.78090547345281,-0.171572140033723,4.62159580005212,22.4690651225993,-5.99844214858401,-22.4690651225993,5.99844214858401,-22.4690651225993,5.99844214858401,-13.7447042136179,3.21850383067976,-8.72436090898145,2.77993831790425,-8.72436090898145,2.77993831790425,-8.72436090898145,102.779938317904,-6.41899983207825
1.95347317653456,0.631943672394386,0.583501763051105,0.988914716371566,1.02878379531897,2.42778542346773,-0.0925195982719402,2.78021087589918,-0.194163943091366,4.62040581860667,24.8113140653454,-6.46504050900696,-24.8113140653454,6.46504050900696,-24.8113140653454,6.46504050900696,-15.1811844318029,3.43829251870079,-9.63012963354253,3.02674799030617,-9.63012963354253,3.02674799030617,-9.63012963354253,103.026747990306,-7.224092112637
1.95082435919495,0.641580730990358,0.578759117545491,0.990417329783287,1.01673440343739,2.43152893161984,-0.105980324883478,2.77943213484078,-0.217224800167856,4.61907168288238,27.2096162529547,-6.91782700998305,-27.2096162529547,6.91782700998305,-27.2096162529547,6.91782700998305,-16.6519508645433,3.64625185869187,-10.5576653884114,3.27157515129118,-10.5576653884114,3.27157515129118,-10.5576653884114,103.271575151291,-8.07100923265019
1.94800775541957,0.651170093578838,0.573913203618178,0.991925376310772,1.00442303030737,2.4352847526007,-0.119713840637954,2.77856495211889,-0.24075299839307,4.61758602929282,29.6637809184198,-7.35618232420969,-29.6637809184198,7.35618232420969,-29.6637809184198,7.35618232420969,-18.1567359886572,3.842250185295,-11.5070449297626,3.51393213891469,-11.5070449297626,3.51393213891469,-11.5070449297626,103.513932138915,-8.96047821506328
1.94502422317323,0.660708839147089,0.568963974319441,0.993437244193083,0.991849579743641,2.43904879807781,-0.133719044315037,2.7776049566906,-0.264746651161229,4.61594136938665,32.1735897806464,-7.77950472825265,-32.1735897806464,7.77950472825265,-32.1735897806464,7.77950472825265,-19.6952535931403,4.02618620531122,-12.4783361875062,3.75331852294143,-12.4783361875062,3.75331852294143,-12.4783361875062,103.753318522941,-9.89320263274041
1.94187467126874,0.670194062100807,0.563911411939439,0.994951288253784,0.979014030192123,2.44281689538718,-0.147994729896851,2.77654770709433,-0.289203692327856,4.61413009407163,34.7387974597389,-8.18721067237025,-34.7387974597389,8.18721067237025,-34.7387974597389,8.18721067237025,-21.2671998227143,4.19798949360901,-13.4715976370246,3.98922117876123,-13.4715976370246,3.98922117876123,-13.4715976370246,103.989221178761,-10.8698611057648
1.93856005909012,0.679622873149192,0.558755529338131,0.996465830583776,0.965916438093098,2.446584789284,-0.162539583291279,2.77538869406821,-0.314121870596176,4.61214447810032,37.3591319707774,-8.57873532487798,-37.3591319707774,8.57873532487798,-37.3591319707774,8.57873532487798,-22.8722543053083,4.3576209400269,-14.4868776654692,4.22111438485108,-14.4868776654692,4.22111438485108,-14.4868776654692,104.221114384851,-11.8911058059973
1.93508139630035,0.688992400185063,0.553496371243529,0.997979161290989,0.952556941163114,2.45034814386238,-0.177352179171821,2.77412334332017,-0.339498744103152,4.60997668481588,40.0342952944928,-8.95353308834161,-40.0342952944928,8.95353308834161,-40.0342952944928,8.95353308834161,-24.5100813610968,4.50507314386325,-15.524213933396,4.44845994447836,-15.524213933396,4.44845994447836,-15.524213933396,104.448459944478,-12.9575609735724
1.93143974253383,0.698299789159718,0.548134015515954,0.999489539316582,0.938935761589747,2.45410254464332,-0.192430977939692,2.77274701844841,-0.365331675214981,4.60761877115532,42.763964022884,-9.31107808505671,-42.763964022884,9.31107808505671,-42.763964022884,9.31107808505671,-26.1803312903236,4.64037075275388,-16.5836327325604,4.67070733230284,-16.5836327325604,4.67070733230284,-16.5836327325604,104.670707332303,-14.0698214499498
1.92763620707355,0.707542204952314,0.542668574376025,1.00099519331708,0.925053209133435,2.45784350082938,-0.207774322813705,2.77125502401025,-0.391617825541489,4.60506269290706,45.5477900774805,-9.65086460945979,-45.5477900774805,9.65086460945979,-45.5477900774805,9.65086460945979,-27.8826417367551,4.7635707429641,-17.6651483407254,4.88729386649569,-17.6651483407254,4.88729386649569,-17.6651483407254,104.887293866496,-15.2284512320633
1.92367194851327,0.716716832233467,0.537100195594179,1.00249432261169,0.910909684130822,2.46156644772407,-0.223380437053148,2.76964260873699,-0.418354151178374,4.60230031021869,48.3854014976065,-9.97240754531317,-48.3854014976065,9.97240754531317,-48.3854014976065,9.97240754531317,-29.616639123236,4.87476263836094,-18.7687623743704,5.09764490695223,-18.7687623743704,5.09764490695223,-18.7687623743704,105.097644906952,-16.4339820519924
1.91954817440455,0.72582087632283,0.53142906363957,1.00398509819371,0.896505680394183,2.46526674931337,-0.239247421318615,2.76790496889206,-0.4455373981858,4.59932339335004,51.2764032956934,-10.2752427457206,-51.2764032956934,10.2752427457206,-51.2764032956934,10.2752427457206,-31.3819401554699,4.97406866558711,-19.8944631402234,5.30117408013345,-19.8944631402234,5.30117408013345,-19.8944631402234,105.301174080133,-17.6869119864545
1.91526614088893,0.734851564040381,0.525655400786313,1.00546566380505,0.88184178800176,2.4689397010064,-0.255373251175451,2.76603725176907,-0.473164098311299,4.59612362866603,54.2203783763791,-10.5589273742517,-54.2203783763791,10.5589273742517,-54.2203783763791,10.5589273742517,-33.1781533898136,5.06164384322426,-21.0422249865655,5.49728353102743,-21.0422249865655,5.49728353102743,-21.0422249865655,105.497283531027,-18.9877041002568
1.91082715231531,0.743806144551158,0.519779468175097,1.00693413707221,0.866918695974045,2.47258053253162,-0.271755774744103,2.76403455932615,-0.501230564964376,4.5926926248631,57.2168885158534,-10.8230402056872,-57.2168885158534,10.8230402056872,-57.2168885158534,10.8230402056872,-35.0048808605665,5.13767600300922,-22.2120076552869,5.68536420267794,-22.2120076552869,5.68536420267794,-22.2120076552869,105.685364202678,-20.3367851276667
1.90623256084259,0.752681890203195,0.513801566828314,1.00838861070232,0.851737194831315,2.47618441098458,-0.288392710501409,2.7618919519526,-0.529732889449676,4.58902191942214,60.2654753976555,-11.0671818851351,-60.2654753976555,11.0671818851351,-60.2654753976555,11.0671818851351,-36.861719761955,5.20238574145256,-23.4037556357005,5.86479614368259,-23.4037556357005,5.86479614368259,-23.4037556357005,105.864796143683,-21.7345441954612
1.90148376602785,0.761476097358382,0.507722038616954,1.00982715373742,0.836298179028,2.47974644402263,-0.305281645236421,2.75960445236331,-0.558666937464918,4.58510298528036,63.3656617008945,-11.290975144516,-63.3656617008945,11.290975144516,-63.3656617008945,11.290975144516,-38.7482641797528,5.25602630049914,-24.6173975211417,6.03494884401681,-24.6173975211417,6.03494884401681,-24.6173975211416,106.034948844017,-23.1813315911935
1.8965822144,0.77018608721603,0.501541267177616,1.01124781286501,0.820602649259774,2.48326168320177,-0.322420032164077,2.75716704961622,-0.588028345869238,4.58092723771407,66.5169522366628,-11.4940649756602,-66.5169522366628,11.4940649756602,-66.5169522366628,11.4940649756602,-40.6641068672559,5.29888337616443,-25.8528453694068,6.19518159949573,-25.8528453694068,6.19518159949573,-25.8528453694068,106.195181599496,-24.6774575799802
1.89152939901915,0.778809206628852,0.495259678778144,1.0126486137828,0.804651714639529,2.4867251274501,-0.3398051891996,2.7545747032477,-0.617812519726902,4.57648604142337,69.718835128236,-11.6761187595161,-69.718835128236,11.6761187595161,-69.718835128236,11.6761187595161,-42.6088410601316,5.33127485437779,-27.1099940681044,6.34484390513833,-27.1099940681044,6.34484390513833,-27.1099940681044,106.344843905138,-26.2231912728559
1.8863268590218,0.787342828911141,0.488877743130478,1.01402756261539,0.788446594738798,2.49013172667228,-0.357434297396178,2.75182234752055,-0.648014629630745,4.57177071780979,72.9707830305075,-11.8368263512128,-72.9707830305075,11.8368263512128,-72.9707830305075,11.8368263512128,-44.5820623244989,5.35355047355858,-28.3887207060086,6.4832758776542,-28.3887207060086,6.4832758776542,-28.3887207060086,106.483275877654,-27.8187595494765
1.88097617915204,0.795784354638884,0.482395974149489,1.0153826473805,0.771988621491429,2.49347638547883,-0.375304399548071,2.74890489577878,-0.678629609309023,4.56677255243685,76.2722543839944,-11.9759001209722,-76.2722543839944,11.9759001209722,-76.2722543839944,11.9759001209722,-46.5833704324668,5.36609141374569,-29.6888839515276,6.60980870722646,-29.6888839515276,6.60980870722646,-29.6888839515276,106.609808707226,-29.4643460376741
1.87547898927879,0.804131212441568,0.475814930656662,1.01671183950209,0.755279240956764,2.49675396703377,-0.393412398960937,2.74581724490343,-0.709652153518733,4.56148280266379,79.6226946986654,-12.093074951109,-79.6226946986654,12.093074951109,-79.6226946986654,12.093074951109,-48.6123712592554,5.36930981238877,-31.01032343941,6.72376513872027,-31.01032343941,6.72376513872027,-31.01032343941,106.72376513872,-31.1600901520758
1.86983696389933,0.812380859785448,0.469135217027663,1.01801309536796,0.738320014939843,2.49995929701395,-0.411755058390757,2.74255427986318,-0.741076716227795,4.55589270544166,83.0215378627952,-12.1881081895936,-83.0215378627952,12.1881081895936,-83.0215378627952,12.1881081895936,-50.6686786959636,5.36364820719309,-32.3528591668316,6.82445998240046,-32.3528591668316,6.82445998240046,-32.3528591668316,106.8244599824,-32.9060861937072
1.86405182162926,0.820530783748028,0.462357483782964,1.01928435792881,0.721112622466594,2.50308716767302,-0.43032899915241,2.73911087835353,-0.772897509087857,4.54999348526117,86.4682074720237,-12.2607795608821,-86.4682074720237,12.2607795608821,-86.4682074720237,12.2607795608821,-52.7519165720094,5.34957890668333,-33.7162909000143,6.91120065419875,-33.7162909000143,6.91120065419875,-33.7162909000143,106.911200654199,-34.7023825121973
1.85812532467895,0.828578501783519,0.455482428120805,1.02052355833612,0.703658861112278,2.50613234200281,-0.449130700398549,2.73548191551816,-0.805108500198873,4.54377636224119,89.9621181738189,-12.3108910349436,-89.9621181738189,12.3108910349436,-89.9621181738189,12.3108910349436,-54.8617205812733,5.32760328941687,-35.1003975925456,6.98328774552677,-35.1003975925456,6.98328774552677,-35.1003975925456,106.983287745527,-36.5489807319034
1.85205927831678,0.836521562479047,0.448510794391989,1.02172861761577,0.685960648181852,2.50908955798471,-0.468156498569077,2.7316622687457,-0.83770341316595,4.53723256034665,93.5026770225769,-12.3382666556175,-93.5026770225769,12.3382666556175,-93.5026770225769,12.3382666556175,-56.9977402060026,5.2982510330291,-36.5049368165743,7.04001562258837,-36.5049368165743,7.04001562258837,-36.5049368165743,107.040015622588,-38.4458350429684
1.84585553031924,0.844357546301378,0.441443374516078,1.02289744837458,0.668020021741272,2.51195353292351,-0.487402587011201,2.72764682253547,-0.87067572644842,4.53035331572451,97.0892848406714,-12.3427523296374,-97.0892848406714,12.3427523296374,-97.0892848406714,12.3427523296374,-59.1596406325992,5.26207927453445,-37.9296442080723,7.08067305510297,-37.9296442080723,7.08067305510297,-37.9296442080723,107.080673055103,-40.3928515580289
1.83951597040807,0.852084066333931,0.434281008338737,1.02402795653653,0.649839141499133,2.51471896785592,-0.506865015769668,2.72343047342538,-0.904018673000479,4.52312988514618,100.721337580861,-12.3242155778418,-100.721337580861,12.3242155778418,-100.721337580861,12.3242155778418,-61.3471046535003,5.21967170353242,-39.3742329273609,7.10454387430941,-39.3742329273609,7.10454387430941,-39.3742329273609,107.104543874309,-42.3898877349885
1.83304252967462,0.859698769003856,0.427024583930124,1.02511804310582,0.631420289538382,2.51738055202606,-0.526539691546485,2.71900813497525,-0.937725240202174,4.51555355454491,104.398227685593,-12.2825452502589,-104.398227685593,12.2825452502589,-104.398227685593,12.2825452502589,-63.5598345494838,5.17163759017884,-40.8383931361088,7.11090766008006,-40.8383931361088,7.11090766008006,-40.8383931361088,107.11090766008,-44.4367518659909
1.82643717999166,0.867199334798953,0.419675037824326,1.02616560595349,0.612765870898201,2.51993296742008,-0.546422377829141,2.71437474279882,-0.971788170079079,4.50761564763665,108.119345438892,-12.217651206913,-108.119345438892,12.217651206913,-108.119345438892,12.217651206913,-65.7975539468697,5.11861074997915,-42.3217914920218,7.09904045693387,-42.3217914920218,7.09904045693387,-42.3217914920218,107.099040456934,-46.5332026324403
1.81970193341268,0.874583478974223,0.412233355200017,1.02716854162462,0.593878414006518,2.52237089335204,-0.566508695186006,2.70952525963778,-1.00619995980837,4.4993075346128,111.884080306706,-12.1294639663364,-111.884080306706,12.1294639663364,-111.884080306706,12.1294639663364,-68.0600096442589,5.06124844763823,-43.8240706624475,7.06821551869818,-43.8240706624475,7.06821551869818,-43.8240706624476,107.068215518698,-48.6789487256488
1.81283884155904,0.881848952247817,0.404700570002609,1.028124747163,0.574760570963889,2.52468901109324,-0.586794121727393,2.70445468047107,-1.0409528625087,4.49062064089354,115.691822261775,-12.0179343238942,-115.691822261775,12.0179343238942,-115.691822261775,12.0179343238942,-70.3469734036395,5.00023024236471,-45.3448488581355,7.01770408152951,-45.3448488581355,7.01770408152951,-45.3448488581355,107.01770408153,-50.8736485324351
1.805849994995,0.888993541486194,0.397077765008324,1.02903212195016,0.555415117679886,2.52688200853725,-0.607273993730428,2.69915803765301,-1.07603888831075,4.48154645593032,119.541963089291,-11.8830329421378,-119.541963089291,11.8830329421378,-119.541963089291,11.8830329421378,-72.6582437008972,4.93625677717244,-46.8837193883942,6.9467761649654,-46.8837193883942,6.9467761649654,-46.8837193883942,106.946776164965,-53.1169098847468
1.79873752259093,0.896015070378261,0.389366071830716,1.02988856955584,0.53584495386336,2.52894458489298,-0.627943506425724,2.69363040607368,-1.11144980570494,4.47207654204669,123.433897669897,-11.7247499154907,-123.433897669897,11.7247499154907,-123.433897669897,11.7247499154907,-74.9936474309943,4.87004851485057,-48.4402502389026,6.85470140064016,-48.4402502389026,6.85470140064016,-48.4402502389026,106.85470140064,-55.4082898721568
1.79150359087482,0.902911400098299,0.381566670870303,1.03069199959671,0.516053102868308,2.53087145539806,-0.64879771494359,2.68786690833525,-1.14717714316246,4.46220254330634,127.367025236757,-11.5430943116448,-127.367025236757,11.5430943116448,-127.367025236757,11.5430943116448,-77.3530415633183,4.80234442338504,-50.0139836734389,6.74074988825972,-50.0139836734389,6.74074988825972,-50.0139836734389,106.74074988826,-57.7472947158642
1.78415040337235,0.909680429957468,0.373680791208065,1.03144032960069,0.496042711397289,2.53265735604544,-0.669831535417371,2.68186271993813,-1.18321219102553,4.45191619439796,131.340750603763,-11.338093692101,-131.340750603763,11.338093692101,-131.340750603763,11.338093692101,-79.7363147429602,4.73390061370999,-51.6044358608025,6.60419307839105,-51.6044358608025,6.60419307839105,-51.6044358608025,106.604193078391,-60.1333797026366
1.77668019993567,0.9163200980437,0.365709710443679,1.03213148687375,0.475817049064665,2.53429704831556,-0.691039746241297,2.67561307447077,-1.21954600366231,4.44120932952651,135.35448536215,-11.1097936143304,-135.35448536215,11.1097936143304,-135.35448536215,11.1097936143304,-82.1433888339357,4.66548893274609,-53.2110965282145,6.44430468158431,-53.2110965282145,6.44430468158431,-53.2110965282145,106.444304681584,-62.5659491769472
1.7690952560611,0.922828381849777,0.357654754479458,1.0327634103665,0.455379507822132,2.53578532390739,-0.712416989480103,2.66911326879754,-1.25616940188191,4.43007389130085,139.407649043132,-10.8582571180523,-139.407649043132,10.8582571180523,-139.407649043132,10.8582571180523,-84.5742204006402,4.59789551474778,-54.8334286424915,6.26036160330451,-54.8334286424915,6.26036160330451,-54.8334286424915,106.260361603305,-65.0443565894007
1.76139788219602,0.929203298889403,0.349517297251045,1.033334052538,0.434733601249251,2.53711700946126,-0.733957772427594,2.66235866823872,-1.29307297560445,4.41850193960826,143.499670244406,-10.5835641981414,-143.499670244406,10.5835641981414,-143.499670244406,10.5835641981414,-87.0288021241024,4.53191929403064,-56.4708681203032,6.05164490411078,-56.4708681203031,6.05164490411078,-56.4708681203031,106.051644904111,-67.5679045994004
1.7535904230351,0.935442907301094,0.341298760406009,1.03384138121391,0.413882963711933,2.53828697126708,-0.755656469311157,2.65534471173745,-1.33024708678125,4.40648566046641,147.629987718705,-10.2858112666653,-147.629987718705,10.2858112666653,-147.629987718705,10.2858112666653,-89.5071641498755,4.46837048218596,-58.12282356883,5.81744078447937,-58.12282356883,5.81744078447937,-58.12282356883,105.817440784479,-70.1358452298778
1.745675256806,0.941545306439682,0.333000612931542,1.03428338143675,0.392831349391956,2.53929011995143,-0.777507323139217,2.64806691700839,-1.36768187255992,4.39401737484391,151.798051422851,-9.96511060653833,-151.798051422851,9.96511060653833,-151.798051422851,9.96511060653833,-92.0093753646939,4.40806901291449,-59.7886760581568,5.55704159362384,-59.7886760581568,5.55704159362384,-59.7886760581568,105.557041593624,-72.7473800718074
1.73765479454506,0.947508637455275,0.324624370732559,1.03465805730574,0.371582631190841,2.54012141513771,-0.799504447688539,2.64052088566302,-1.40536724868894,4.3810895474411,156.003323526037,-9.62158981924508,-156.003323526037,9.62158981924508,-156.003323526037,9.62158981924508,-94.5355445992936,4.35184295762248,-61.4677789267437,5.2697468616226,-61.4677789267437,5.2697468616226,-61.4677789267437,105.269746861623,-75.401660536136
1.72953147936276,0.953331083859478,0.316171596161542,1.03496343380391,0.350140799511511,2.54077587007337,-0.821641829628242,2.63270230830703,-1.44329291315653,4.36769479542278,160.24527937641,-9.25539126904407,-160.24527937641,9.25539126904407,-160.24527937641,9.25539126904407,-97.0858217550773,4.3005269149264,-63.1594576213328,4.95486435411767,-63.1594576213328,4.95486435411767,-63.1594576213328,104.954864354118,-78.0977881506882
1.7213077856996,0.959010872078712,0.30764389750152,1.03519755861048,0.328509960921327,2.54124855621891,-0.843913330777413,2.62460696960527,-1.4814483500584,4.35382589709547,164.523408425239,-8.8666715260078,-164.523408425239,8.8666715260078,-164.523408425239,8.8666715260078,-99.6603988525772,4.25496037720689,-64.8630095726616,4.61171114880091,-64.8630095726616,4.61171114880091,-64.8630095726616,104.611711148801,-80.8348148995567
1.71298621857234,0.964546271994464,0.299042928403643,1.03535850389633,0.306694336700194,2.54153460779357,-0.866312690493157,2.61623075331004,-1.51982283368895,4.3394758005219,168.837215108304,-8.45560081019093,-168.837215108304,8.45560081019093,-168.837215108304,8.45560081019093,-102.259510999938,4.21598607733655,-66.5777041083663,4.23961473285438,-66.5777041083663,4.23961473285438,-66.5777041083663,104.239614732854,-83.6117436024533
1.70456931281094,0.969935597470297,0.290370387280836,1.03544436810074,0.284698261277545,2.54162922627274,-0.888833528185994,2.60756964724883,-1.55840543285058,4.32463763206592,173.186219684365,-8.02236243914796,-173.186219684365,8.02236243914796,-173.186219684365,8.02236243914796,-104.883437279895,4.18444831868944,-68.30278240447,3.83791412045852,-68.30278240447,3.83791412045852,-68.30278240447,103.837914120459,-86.4275283314715
1.69605963228642,0.975177206865465,0.281628016659054,1.0354532776876,0.262526180562091,2.54152768483278,-0.911469345959511,2.59861974826778,-1.59718501537602,4.30930470486168,177.569959030863,-7.56715228093916,-177.569959030863,7.56715228093916,-177.569959030863,7.56715228093916,-107.532501553999,4.16119129151152,-70.0374574768641,3.40596098942764,-70.0374574768641,3.40596098942764,-70.0374574768641,103.405960989428,-89.2810748627139
1.68745976912992,0.980269503534968,0.272817602487686,1.0353833888795,0.240182650168286,2.54122533273918,-0.934213531371258,2.58937726712751,-1.63615025285822,4.29347052720107,181.987987397247,-7.09017821467955,-181.987987397247,7.09017821467955,-181.987987397247,7.09017821467955,-110.207073183043,4.14705737870644,-71.7809142142034,2.94312083597311,-71.7809142142034,2.94312083597311,-71.7809142142034,102.943120835973,-92.1712411602441
1.67877234294305,0.985210936315911,0.263940973410686,1.03523288936819,0.217672333543511,2.54071759967409,-0.957059360311933,2.57983853334803,-1.67528962558296,4.27712881083409,186.43987711658,-6.59165960059305,-186.43987711658,6.59165960059305,-186.43987711658,6.59165960059305,-112.907567662936,4.14288545405861,-73.5323094536439,2.44877414653445,-73.5323094536439,2.44877414653445,-73.5323094536439,102.448774146534,-95.0968378898483
1.67,0.99,0.255,1.035,0.195,2.54,-0.98,2.57,-1.71459142765926,4.26027347917712,190.925219276315,-6.07182676143757,-190.925219276315,6.07182676143757,-190.925219276315,6.07182676143757,-115.634447175452,4.14950917588363,-75.2907721008634,1.92231758555395,-75.2907721008634,1.92231758555395,-75.2907721008634,101.922317585554,-98.0566289601273
